order,video_id,topic_category,hook_type,pacing_speed,duration_sec,views,likes,shares,comments,saves,engagement_rate_pct,title,url
1,"7688711061700168978","RESEPI_RAMADAN","CRAVING_SENSORY","RAPID_FIRE",19,362800,50100,1498,583,766,15.63,"City of love 🤍🇫🇷","https://www.tiktok.com/@khairulaming/video/7688711061700168978"
2,"7683410508548230418","RESEPI_RAMADAN","CRAVING_SENSORY","RAPID_FIRE",88,652100,49200,1339,1057,1542,8.8,"Alhamdulillah semalam kita berjaya pecahkan rekod baru, livestream TikTokShop pertama di Malaysia yang cecah jualan melebihi 1 juta dollar 🥹","https://www.tiktok.com/@khairulaming/video/7683410508548230418"
3,"7683026434993982738","RESEPI_RAMADAN","CRAVING_SENSORY","RAPID_FIRE",115,4700000,59000,4684,543,2049,1.65,"Ini senarai barang KA akan jual petang ni 😁","https://www.tiktok.com/@khairulaming/video/7683026434993982738"
4,"7682768770749746439","RESEPI_RAMADAN","CRAVING_SENSORY","RAPID_FIRE",81,3600000,126700,10100,870,4710,4.65,"Korang dah ready? 150,000 botol Sambal Bilis akan kita restock esok! 😁","https://www.tiktok.com/@khairulaming/video/7682768770749746439"
5,"7682355550603988242","RESEPI_RAMADAN","CRAVING_SENSORY","RAPID_FIRE",83,6900000,169000,13200,980,6990,3.24,"Memperkenalkan “bandar” livestream pertama di Malaysia 21 top live sellers termasuk Khairulaming, Dato Alif Syukri, Dato Seri Vida, Anas, Caryn, Almiyaz dan ramai lagi akan bersiaran lansung serentak  150,000 botol Sambal Nyet Bilis akan KA keluarkan semasa livestream ni. Jemput tengok nanti 🥹","https://www.tiktok.com/@khairulaming/video/7682355550603988242"
6,"7681168130105724167","RESEPI_RAMADAN","CRAVING_SENSORY","RAPID_FIRE",179,1500000,149500,11900,1750,4636,13.08,"Awak dah minum air ke belum? Kalau awak selalu lupa minum air, tengok video ni. Sibuk macam mana sekalipun jangan lupa minum air okeh","https://www.tiktok.com/@khairulaming/video/7681168130105724167"
7,"7680118731653090578","RESEPI_RAMADAN","CRAVING_SENSORY","RAPID_FIRE",57,948400,77400,4252,566,1780,9.94,"Hari ni kita belanja roti jala merdeka untuk customers Rembayung 🇲🇾✨😙","https://www.tiktok.com/@khairulaming/video/7680118731653090578"
8,"7673844483271707922","RESEPI_RAMADAN","CRAVING_SENSORY","RAPID_FIRE",135,1600000,103400,4412,1246,2386,7.67,"Ambil la dulu sebotol sorang, ni je stok yang ada kat KL 😆 Nanti kita bawa lagi  Mohon maaf boss dah berminggu tak datang kedai sebab focus launching. Rindunya semua team ku yang tercinta","https://www.tiktok.com/@khairulaming/video/7673844483271707922"
9,"7672999120285748498","RESEPI_RAMADAN","CRAVING_SENSORY","RAPID_FIRE",30,3300000,306100,32000,3399,7660,12.75,"Ini hasil selepas turun 24kg dalam masa setahun Walaupun penat tak rehat dari tahun lepas, KA wajibkan pergi gym setiap hari dan jaga makan. Bermula dari zaman bina rembayung, shoot video puasa, sampai ke launching Sambal Bilis, tetap eat clean and bersenam. Ni hasil selepas setahun jaga disiplin 🥹","https://www.tiktok.com/@khairulaming/video/7672999120285748498"
10,"7671358223022034183","BEHIND_THE_SCENES_BISNES","CRAVING_SENSORY","RAPID_FIRE",89,2100000,134700,6483,2206,3883,7.82,"Terima kasih sebab beri kepercayaan kepada produk tempatan kita. KA terhutang budi dengan anda semua. From the bottom of my heart, thank you 🥺","https://www.tiktok.com/@khairulaming/video/7671358223022034183"
11,"7671174588222475538","RESEPI_RAMADAN","CRAVING_SENSORY","RAPID_FIRE",84,5100000,288900,31900,2157,8689,7.92,"Hari yang ditunggu telah pun tiba. Malam ini kita akan bersiaran langsung dari puncak Merdeka 118 untuk majlis pelancaran Sambal Nyet Bilis Ajaklah keluarga dan kenalan anda untuk kita ramai-ramai berkumpul dan cipta sejarah baru. Malam ini untuk kita semua. Terima kasih sebab beri kepercayaan kat anak tempatan ni 🥺🇲🇾","https://www.tiktok.com/@khairulaming/video/7671174588222475538"
12,"7670884279659793672","RESEPI_RAMADAN","CRAVING_SENSORY","RAPID_FIRE",299,6100000,679900,42500,5587,27400,14.23,"Ini short documentary yang KA buat untuk tunjuk titik peluh nelayan kita turun ke laut setiap hari untuk tangkap ikan bilis Tak mudah sebenarnya nak tangkap bilis ni. Kena guna sonar nak cari lubuk, tarik pukat yang berat, bila dah tangkap kena asingkan dengan hidupan laut lain, and bilis ni perlu direbus panas-panas dari atas kapal lagi sebelum dikeringkan di darat Semoga nelayan-nelayan kita dikurniakan rezeki yang melimpah. Terima kasih sebab berbakti untuk negara kita ❤️","https://www.tiktok.com/@khairulaming/video/7670884279659793672"
13,"7670513942061403400","RESEPI_RAMADAN","CRAVING_SENSORY","RAPID_FIRE",176,7800000,542100,51200,6890,19300,9.5,"Majlis pelancaran Sambal Nyet Bilis akan bersiaran langsung dari puncak Merdeka 118, mercu tanda tertinggi di Malaysia dan kedua tertinggi di dunia. Menitik air mata edit video ni mengenangkan penat lelah berusaha dari dulu lagi. Enam tahun lepas botol Sambal Nyet yang pertama dilancarkan di satu kedai runcit tepi jalan, dan untuk sambal yang kedua kita akan lancarkan dari puncak tertinggi negara. Terima kasih kepada anda semua yang memberi kepercayaan kepada produk-produk tempatan kita 🥺","https://www.tiktok.com/@khairulaming/video/7670513942061403400"
14,"7670150600537001223","RESEPI_RAMADAN","CRAVING_SENSORY","RAPID_FIRE",178,2400000,61700,5006,891,2968,3.48,"Inilah dia full details mengenai Sambal Nyet Bilis, including bahan-bahan, berat bersih, harga, cara simpan dan sebagainya Nervousnya nak launching. Barai dah ni tak tidur malam 🥹","https://www.tiktok.com/@khairulaming/video/7670150600537001223"
15,"7670033191809436946","RESEPI_RAMADAN","CRAVING_SENSORY","RAPID_FIRE",179,5600000,232300,64100,3415,11900,8.07,"Lima pembeli terpantas yang beli lima botol Sambal Nyet Bilis akan diterbangkan ke Dolomites, Italy untuk bercuti bersama Khairulaming dan anda boleh bawa plus one. Semuanya ditaja sepenuhnya, tertakluk terma dan syarat 😄 Tahun lepas kita bawa pemenang ke New Zealand. Tahun ni kita pergi Europe pulak. So siapa korang nak bawa nanti? hehehe","https://www.tiktok.com/@khairulaming/video/7670033191809436946"
16,"7669660080459074834","RESEPI_RAMADAN","CRAVING_SENSORY","RAPID_FIRE",176,10100000,727800,103100,9134,32800,11.01,"Memperkenalkan produk keempat Khairulaming Selepas 6 tahun berniaga dengan satu sambal sahaja, akhirnya kita dah bersedia untuk keluarkan sambal yang baru. Rasa yang berbeza, lebih kick dan menggunakan lebih banyak bahan Product launch kali ni akan jadi product launch terbesar yang KA pernah buat, jadi nantikan pengumuman seterusnya sepanjang minggu ni. Terima kasih guys for your support selama ni, pejam celik dah 6 tahun kita berniaga bersama 🥹 ","https://www.tiktok.com/@khairulaming/video/7669660080459074834"
17,"7663002347739565320","RESEPI_RAMADAN","CRAVING_SENSORY","RAPID_FIRE",57,3200000,125000,7376,604,6209,5.0,"Siapa sini dah cuba Dendeng Nyet KA? terima kasih sangat for your support 🥹","https://www.tiktok.com/@khairulaming/video/7663002347739565320"
18,"7654046824185007367","RESEPI_RAMADAN","CRAVING_SENSORY","RAPID_FIRE",520,2800000,216000,7148,3909,10600,9.38,"Di Rembayung KA minta bayi dikira dalam pax sebab dah macam-macam incident yang terjadi sepanjang 6 bulan berniaga tapi orang luar tak nampak. SOP ni saya wujudkan sebab nak protect keselamatan bayi dan kanak-kanak. Saya tak untung buat SOP ni, malah makin rugi sebab babies tak makan pun nasi. Tapi saya buat ni sebab nak protect keselamatan mereka. Bila ada seribu orang sehari, macam-macam benda boleh terjadi kat restoran. KA harap video ni boleh bagi penjelasan apa yang terjadi sebenarnya","https://www.tiktok.com/@khairulaming/video/7654046824185007367"
19,"7649623870709796104","RESEPI_RAMADAN","CRAVING_SENSORY","RAPID_FIRE",44,2700000,70700,4418,526,4592,3.47,"Boleh tekan bag kuning kalau rindu nak makan rendang 🤤","https://www.tiktok.com/@khairulaming/video/7649623870709796104"
20,"7647834572738137352","RESEPI_RAMADAN","CRAVING_SENSORY","RAPID_FIRE",126,4100000,289800,39600,2006,62300,13.05,"Rindunyaa students cikgu 🥹","https://www.tiktok.com/@khairulaming/video/7647834572738137352"
21,"7639264621618203912","RESEPI_RAMADAN","CRAVING_SENSORY","RAPID_FIRE",105,3000000,165000,5916,1150,5091,6.47,"Sebelum ni customers bagi feedback kuih kat Rembayung banyak yang kering, lemau and kurang fresh. Thanks to your feedback, now kuih kita dah jauh improved. Setiap kuih dibalut rapi untuk pastikan tak ada isu kering. Sekarang alhamdulillah ramai yang repeat makan sampai ada yang tapau extra bawa balik 🥹","https://www.tiktok.com/@khairulaming/video/7639264621618203912"
22,"7638562571699621128","RESEPI_RAMADAN","CRAVING_SENSORY","RAPID_FIRE",58,4800000,412900,12800,4381,13600,10.06,"Hari ni kali kedua Dato’ Sri Siti Nurhaliza berkunjung ke Rembayung untuk celebrate birthday Pn Rozy. Happy birthday Kak Rozy! p/s: Tokti bagi KA album guyss. Nanti kita play kat Rembayung 🥹🥹","https://www.tiktok.com/@khairulaming/video/7638562571699621128"
23,"7637056960206114055","RESEPI_RAMADAN","CRAVING_SENSORY","RAPID_FIRE",166,1700000,101700,6139,829,3589,7.54,"In case ada yang belum tahu, Rembayung dah buka slot takeaway setiap hari. Alhamdulillah everyday fully booked slot takeaway ni. Sekarang hampir semua makanan dah boleh order untuk takeaway Mohon customers jangan tertukar dengan slot dine in bila reserve kat Umai nanti 🥹","https://www.tiktok.com/@khairulaming/video/7637056960206114055"
24,"7628524921236294920","RESEPI_RAMADAN","CRAVING_SENSORY","RAPID_FIRE",83,13700000,753300,185200,3732,199800,12.5,"Boleh tekan bag kuning, makan malam-malam kat rumah 😁😁","https://www.tiktok.com/@khairulaming/video/7628524921236294920"
25,"7622762168601103623","RESEPI_RAMADAN","CRAVING_SENSORY","RAPID_FIRE",366,7900000,924000,94200,16400,55200,16.88,"Jatuh air mata bila bagi ucapan kat wedding best friend sendiri. Bukan senang nak cari kawan yang ikhlas ada dengan kita time susah dan senang 🥺","https://www.tiktok.com/@khairulaming/video/7622762168601103623"
26,"7619562704172322068","RESEPI_RAMADAN","CRAVING_SENSORY","RAPID_FIRE",16,7200000,612100,36600,19600,13900,10.68,"Cikgu tak mintak banyak raya ni. Cukup sekadar komen puji hensem. Terima kasih","https://www.tiktok.com/@khairulaming/video/7619562704172322068"
27,"7619376604057390356","RESEPI_RAMADAN","CRAVING_SENSORY","RAPID_FIRE",27,4400000,362100,18300,2763,7557,9.88,"Ketupat rendang di atas meijahhh 🌙✨","https://www.tiktok.com/@khairulaming/video/7619376604057390356"
28,"7618833641556249876","RESEPI_RAMADAN","CRAVING_SENSORY","RAPID_FIRE",350,9600000,1200000,145900,21500,65900,18.66,"Jatuh air mata masa edit video ni. You have no idea betapa bermakna video ramadan ni untuk KA. Yang muda, yang tua, tak kira agama atau bangsa, semua masuk dapur untuk cuba memasak. Terima kasih bagi KA peluang untuk meriahkan ramadan anda semua Izinkan cikgu undur diri dahulu, dari tahun lepas lagi belum berehat. Selamat hari raya guyss, maaf zahir dan batin ❤️","https://www.tiktok.com/@khairulaming/video/7618833641556249876"
29,"7618118573059312916","RESEPI_RAMADAN","CRAVING_SENSORY","RAPID_FIRE",107,7400000,456000,83900,3259,120900,12.88,"Resipi kedua terakhir sebelum kita menamatkan sesi pembelajaran esok 🥺 Jom kita buat Puding Buah Naga","https://www.tiktok.com/@khairulaming/video/7618118573059312916"
30,"7617718005950172434","RESEPI_RAMADAN","CRAVING_SENSORY","RAPID_FIRE",158,7900000,452400,85300,4365,176600,13.49,"Ini resipi Kuah Kacang menggunakan setengah kilo kacang tanah. Boleh save resipi ni siap-siap, malam raya nanti boleh masak dengan family makan dengan nasi impit 🥹","https://www.tiktok.com/@khairulaming/video/7617718005950172434"
31,"7617430591830641928","RESEPI_RAMADAN","CRAVING_SENSORY","RAPID_FIRE",127,2700000,237500,18100,3781,6869,11.46,"Majlis restu ilmu bersama pelajar Kalau arwah ayah tengok betapa ramai students yang tengok video masak anak dia, confirm dia bangga. Terharu jumpa you guys semua, terima sebab support KA dari dulu lagi 🥹","https://www.tiktok.com/@khairulaming/video/7617430591830641928"
32,"7617342284517920018","RESEPI_RAMADAN","CRAVING_SENSORY","RAPID_FIRE",81,4600000,353200,47100,1841,94700,14.91,"Walaupun semua tengah busy prepare nak raya, nanti dah masuk dapur boleh on balik oven sebab kita nak buat Chocolate Chip Muffins untuk open house raya nanti.  Yang mana ada lebihan chocolate chip dalam peti sejuk tu boleh guna untuk resipi ni 🥰","https://www.tiktok.com/@khairulaming/video/7617342284517920018"
33,"7686003520797003015","RESEPI_RAMADAN","CRAVING_SENSORY","RAPID_FIRE",59,55800,5919,103,54,125,11.71,"Selamat Hari Malaysia buat negara kita yang tercinta 🥹🇲🇾","https://www.tiktok.com/@khairulaming/video/7686003520797003015"
34,"7683170639884176648","RESEPI_RAMADAN","CRAVING_SENSORY","RAPID_FIRE",52,335700,12900,418,78,678,4.64,"Guru dah penat live dari petang 🤣 @Khairulaming @ANAS® ","https://www.tiktok.com/@khairulaming/video/7683170639884176648"
35,"7682453905023732999","RESEPI_RAMADAN","CRAVING_SENSORY","RAPID_FIRE",62,200800,11900,1556,188,621,8.96,"Bibik-bibik bulus sila standby ye, jimat sikit barang majikan beli time promo hihi, bukan majikan tau pun!!","https://www.tiktok.com/@khairulaming/video/7682453905023732999"
36,"7680149544553778450","RESEPI_RAMADAN","CRAVING_SENSORY","RAPID_FIRE",71,215800,9958,302,166,509,5.58,"Selamat Hari Merdeka 🇲🇾 7 tahun kat Malaysia dan aku dah rasa macam local bila datang tempat macam Rembayung. Sotong sambal petai. Ayam sambal kicap. Sayur masak lemak. Russian approved 🩷","https://www.tiktok.com/@khairulaming/video/7680149544553778450"
37,"7677621237815741717","RESEPI_RAMADAN","CRAVING_SENSORY","RAPID_FIRE",34,6413,305,30,5,17,6.77,"Akhirnya sampei sambal nyet bilis. Ni kalau tambah petai lg ngaaam.. #sambalnyet  #sambalnyetbilis ","https://www.tiktok.com/@khairulaming/video/7677621237815741717"
38,"7673743595223977236","RESEPI_RAMADAN","CRAVING_SENSORY","RAPID_FIRE",100,167100,5325,303,61,192,4.0,"trying sambal nyet bilis @Khairulaming 🥵 #sambalnyetbilis #khairulaming #fyp ","https://www.tiktok.com/@khairulaming/video/7673743595223977236"
39,"7675200855552838933","RESEPI_RAMADAN","CRAVING_SENSORY","RAPID_FIRE",19,4305,79,2,25,2,2.65,"muka dah merah , hidung dan mata berair . 1 botol boleh tahan sebulan macam ni😂😂🤣🤣 #sambalnyetbilis ","https://www.tiktok.com/@khairulaming/video/7675200855552838933"
40,"7675022670324321557","RESEPI_RAMADAN","CRAVING_SENSORY","RAPID_FIRE",126,24400,465,21,25,30,2.51,"Review jujur sambal nyet bilis betul ke sedap ni 🤨 #sambalnyetbilis #sambalnyet  @Khairulaming ","https://www.tiktok.com/@khairulaming/video/7675022670324321557"
41,"7678982192940256533","RESEPI_RAMADAN","CRAVING_SENSORY","RAPID_FIRE",98,1978,31,0,1,1,1.72,"TQ KA @Khairulaming buat sambal sedap. Laki saya approve 👍 Lepasni senang la kerja saya goreng telur je, bertambah 3x makan nasinya 😆 #sambalnyetbilis #suamiisteri ","https://www.tiktok.com/@khairulaming/video/7678982192940256533"
42,"7678317255335120148","RESEPI_RAMADAN","CRAVING_SENSORY","RAPID_FIRE",87,5779,174,3,3,6,3.43,"@Khairulaming ambil cili dari banting kg sg kelambu kami pun tinggal di kg sg kelambu. 🤭 memang betul2 dia balik kampung. Memang sedap rasa dia semua ngam, cukup rasa. Korang kena try. 😍👍🏻 #sambalnyetbiliskhairulaming #sambalnyetbilis ","https://www.tiktok.com/@khairulaming/video/7678317255335120148"
43,"7675895129319771410","RESEPI_VIRAL_HARIAN","CRAVING_SENSORY","RAPID_FIRE",290,2529,53,0,22,2,3.12,"ni review jujur drpd aku. lain org lain citarasa. bg aku approved 👍👍 good job team @Khairulaming  . . #khairulaming #sambalnyet #sambal #review #viral ","https://www.tiktok.com/@khairulaming/video/7675895129319771410"
44,"7671854130964466975","RESEPI_RAMADAN","CRAVING_SENSORY","RAPID_FIRE",233,43700000,6700000,120700,77600,317300,17.79,"Cooking dinner for my family: Chicken marinara pasta with garlic breadsticks.  (My mom passed away on August 7 and I am still processing that, so that is why I do not look sad in this video. I might make another video focused on mom later, but I am not sure yet. Thank you all for your love and support, she really appreciated all of you) #recipes #dinnerideas #pasta #creatorsearchinsights #yummyfoodtomake ","https://www.tiktok.com/@khairulaming/video/7671854130964466975"
45,"7675752857878088967","RESEPI_RAMADAN","CRAVING_SENSORY","RAPID_FIRE",27,12500,283,7,17,17,2.84,"Sape yg dapat beli tu plss bagi tips🤣 #sambalnyetbilis #khairulaming ","https://www.tiktok.com/@khairulaming/video/7675752857878088967"
46,"7675769504160451860","RESEPI_RAMADAN","CRAVING_SENSORY","RAPID_FIRE",37,6908,86,2,3,2,1.43,"Done battle sambal bilis Khairul Aming ! Ezpz... #sambalbilis #khairulaming #rembayung #sambalnyet ","https://www.tiktok.com/@khairulaming/video/7675769504160451860"
47,"7675736083467996436","RESEPI_VIRAL_HARIAN","CRAVING_SENSORY","RAPID_FIRE",55,14300,206,14,14,10,1.97,"mula-ii dah kecewa ingatkan tak dapat tapii dapat laaa soryy ye kalau tergedik sbb excited laa .. janji dapat beli kepada @Khairulaming saya dapat belii yeah🥳🥳 🤣🤣🤣 #sambalbilis #khairulaming  #fypシ゚viral #funnyvideos ","https://www.tiktok.com/@khairulaming/video/7675736083467996436"
48,"7675691863499689234","RESEPI_RAMADAN","CRAVING_SENSORY","RAPID_FIRE",32,433800,24800,1610,1167,488,7.32,"eazy peasy... #sambalnyet #battle #khairulaming ","https://www.tiktok.com/@khairulaming/video/7675691863499689234"
49,"7675961605401709844","RESEPI_RAMADAN","CRAVING_SENSORY","RAPID_FIRE",78,26600,948,69,22,129,5.39,"Selepas 2 kali kalah battle , sambal nyet bilis ni kita jadikan nasi goreng kangkung jela Tapi sedap ! Ingredients  Sambal nyet bilis Nasi Bawang merah Telur Kangkung Cili padi Garam #cooking #sambalnyetbilis #khairulaming ","https://www.tiktok.com/@khairulaming/video/7675961605401709844"
50,"7675997262450904337","RESEPI_RAMADAN","CRAVING_SENSORY","RAPID_FIRE",62,12900,315,17,3,48,3.6,"Nasi Goreng Sambal Bilis Nyet 😋 @Khairulaming  #sambalnyet #sambalnyetbilis #khairulaming ","https://www.tiktok.com/@khairulaming/video/7675997262450904337"
51,"7676039380934348040","RESEPI_RAMADAN","CRAVING_SENSORY","NARRATIVE_SLOW",93,275300,6415,477,166,466,3.25,"Ikan bilis dah hampir punah, KA @Khairulaming please slow slow sikit ya. ","https://www.tiktok.com/@khairulaming/video/7676039380934348040"
52,"7675720123348454676","RESEPI_RAMADAN","CRAVING_SENSORY","RAPID_FIRE",113,20900,393,10,9,12,2.18,"Darling xberjaya .... tp aku berjaya !!!! Battle @Khairulaming ","https://www.tiktok.com/@khairulaming/video/7675720123348454676"
53,"7675940621311380744","RESEPI_RAMADAN","CRAVING_SENSORY","RAPID_FIRE",34,31500,911,24,135,22,3.69,"SAJA NAK BAKAR LINE ❤️‍🔥🤪 @Khairulaming #khairulaming #sambalnyet #sambalnyetbilis #slay #battle ","https://www.tiktok.com/@khairulaming/video/7675940621311380744"
54,"7676108507636059400","RESEPI_RAMADAN","CRAVING_SENSORY","RAPID_FIRE",120,171200,7571,89,63,150,4.79,"11 soalan Fiza ajukan dekat @Khairulaming Alhamdulillah merasa Sambal Nyet Bilis.. Rezeki TikTokShop Summit 2026 Malaysia ","https://www.tiktok.com/@khairulaming/video/7676108507636059400"
55,"7675807050349153556","RESEPI_RAMADAN","CRAVING_SENSORY","RAPID_FIRE",68,158000,6869,357,302,225,5.5,"@Khairulaming Alhamdulilah kami berjaya battle sambal nyet bilis, inda sabar mahu rasa #khairulaming #sambalnyetbilis ","https://www.tiktok.com/@khairulaming/video/7675807050349153556"
56,"7676059420710767889","RESEPI_RAMADAN","CRAVING_SENSORY","RAPID_FIRE",161,377400,42900,4630,305,8702,19.74,"@Khairulaming at TikTokShop Summit Malaysia 2026 #TikTokShopSummit2026 #khairulaming ","https://www.tiktok.com/@khairulaming/video/7676059420710767889"
57,"7675643287277014280","RESEPI_RAMADAN","CRAVING_SENSORY","RAPID_FIRE",253,91400,2171,72,43,99,2.88,"Honest review sambal nyet bilis khairul aming ","https://www.tiktok.com/@khairulaming/video/7675643287277014280"
58,"7675583141473455380","BEHIND_THE_SCENES_BISNES","CRAVING_SENSORY","RAPID_FIRE",20,268600,11300,2157,81,310,6.88,"A light-hearted joke about missing ikan bilis in nasi lemak has amused Malaysians online, after several users shared photos of their meals with barely any anchovies in sight. One user jokingly claimed that Khairul Aming may have “taken all the ikan bilis in the peninsula,” referring to his latest product, Sambal Nyet Bilis. The joke quickly caught attention, with others sharing similar experiences of getting only one or even no ikan bilis in their nasi lemak. Khairul Aming later joined the fun by replying that he would “release some back,” making netizens laugh even more. #storydaily #goodthingstoshare #fyp #newsmalaysia #malaysia ","https://www.tiktok.com/@khairulaming/video/7675583141473455380"
59,"7675715858324294920","RESEPI_RAMADAN","CRAVING_SENSORY","RAPID_FIRE",12,5684,103,0,3,3,1.97,"Yay dapat battle beli sambal nyet bilis KA @Khairulaming . Tak menyesal duduk depan wifi maxis 🤣🤣🤣 ","https://www.tiktok.com/@khairulaming/video/7675715858324294920"
60,"7675727870571891989","RESEPI_RAMADAN","CRAVING_SENSORY","RAPID_FIRE",82,9915,271,5,10,7,3.13,"kena ingat tau, kita mai checkin hotel harini. bukan katil sendiri tau. boleh kat dia, mau reban katil hotel tau. dia punya syok dpt checkout sambal bilis @Khairulaming  sampai teruk benau efek meloncat tuuu🤣","https://www.tiktok.com/@khairulaming/video/7675727870571891989"
61,"7675738477245238549","RESEPI_RAMADAN","CRAVING_SENSORY","RAPID_FIRE",20,88300,2346,152,151,89,3.55,"Alhamdulillah KA berjaya capai jualan 3 juta ringgit malam ni. Terima kasih semua 😭😭","https://www.tiktok.com/@khairulaming/video/7675738477245238549"
62,"7616991468783291666","RESEPI_RAMADAN","CRAVING_SENSORY","RAPID_FIRE",60,0,0,0,0,0,0.0,"Untuk adik-adik yang tak biasa masak bihun goreng, apa kata raya ni cuba masakkan untuk family. Masak sepaket pun dah cukup, satu family boleh makan. Ni cara dia created by Khairulaming with Khairulaming’s original sound - Khairulaming","https://www.tiktok.com/@khairulaming/video/7616991468783291666"
63,"7616247154121641237","RESEPI_RAMADAN","CRAVING_SENSORY","RAPID_FIRE",60,0,0,0,0,0,0.0,"Assignment hari ni mudah je tak berasap dapur macam caramel. Jom kita buat Puding Jagung Creamy bersama Kuah Custard 🥰 created by Khairulaming with Khairulaming’s original sound - Khairulaming","https://www.tiktok.com/@khairulaming/video/7616247154121641237"
64,"7615766087359089927","RESEPI_RAMADAN","CRAVING_SENSORY","RAPID_FIRE",60,0,0,0,0,0,0.0,"Ini resipi Salted Caramel Cornflakes Kalau sebelum ni risau tengok students buat Puding Caramel, hari ni akan lagi bertambah risau. Please buat elok-elok guys, jangan berasap kat dapur 😭🤲🏻 created by Khairulaming with Khairulaming’s original sound - Khairulaming","https://www.tiktok.com/@khairulaming/video/7615766087359089927"
65,"7615037803654663432","RESEPI_RAMADAN","CRAVING_SENSORY","RAPID_FIRE",60,0,0,0,0,0,0.0,"Selamat datang ke kelas pertama biskut raya kita. Hari ni kita nak buat Butter Cookies. Sangat senang and cepat nak buat Yang mana masih belajar lauk pauk tu haa cepat sikit. Tak lama lagi nak habis dah syllabus kita 🥲 created by Khairulaming with Khairulaming’s original sound - Khairulaming","https://www.tiktok.com/@khairulaming/video/7615037803654663432"
66,"7614752616760839442","RESEPI_RAMADAN","CRAVING_SENSORY","RAPID_FIRE",60,0,0,0,0,0,0.0,"Haa untuk ganti kelas semalam, ni ada extra assignment untuk korang buat hari ni. Imagine buat Tembikai Rose Sparkling dengan Watermelon Orange Cooler untuk buka puasa and open house raya nanti.  Sejukk masham manis bila minum sedapnyaa 😭 created by Khairulaming with Khairulaming’s original sound - Khairulaming","https://www.tiktok.com/@khairulaming/video/7614752616760839442"
67,"7614748072328875282","RESEPI_RAMADAN","CRAVING_SENSORY","RAPID_FIRE",60,0,0,0,0,0,0.0,"Maaf semalam cikgu sendiri ponteng kelas. Tapi takpe, hari ni kita sambung silibus open house raya untuk buat Macaroni Goreng. Siapa in charge masak open house nanti boleh buat resipi ni sebab yang ni KA dah buat portion untuk satu family makan 😘 created by Khairulaming with Khairulaming’s original sound - Khairulaming","https://www.tiktok.com/@khairulaming/video/7614748072328875282"
68,"7614001409758924050","RESEPI_RAMADAN","CRAVING_SENSORY","RAPID_FIRE",60,0,0,0,0,0,0.0,"Untuk open house raya nanti jom kita buat Spaghetti Bolognese 🍝 Disclaimer: Saya bukan orang Itali, tidak dilahirkan di Itali, dan tidak pernah ke Itali. Resipi ini dibuat menggunakan bahan yang jumpa di kedai runcit sahaja. Tiada tomato Itali digunakan, dan tiada daging fresh digunakan. Kita guna daging beku dari freezer kedai runcit sebab ini yang paling sesuai dengan bajet orang ramai. Ini bukan resipi authentic. Try at your own risk created by Khairulaming with Khairulaming’s original sound - Khairulaming","https://www.tiktok.com/@khairulaming/video/7614001409758924050"
69,"7613655776577588488","RESEPI_RAMADAN","CRAVING_SENSORY","RAPID_FIRE",60,0,0,0,0,0,0.0,"Tengah termenung tengok jam ke tu. Sabarr jom kita buat Bandung Cincau Soda & Cucur Crabsticks Bandung sejuk yang fizzy lalu kat tekak bersama dengan cucur yang rangup krup krap. Sangat senang budak-budak pun boleh buat 🥰 created by Khairulaming with Khairulaming’s original sound - Khairulaming","https://www.tiktok.com/@khairulaming/video/7613655776577588488"
70,"7613635301847747847","RESEPI_RAMADAN","CRAVING_SENSORY","RAPID_FIRE",60,0,0,0,0,0,0.0,"Hari ni kelas baking. Nak tak kita buat Pretzels, macam yang korang beli kat mall tu. Sangat sedap guna 5-6 bahan je yang dah ada kat rumah. Dijamin anti gagal takkan ada sorang student pun fail nanti 🥰 created by Khairulaming with Khairulaming’s original sound - Khairulaming","https://www.tiktok.com/@khairulaming/video/7613635301847747847"
71,"7613295772565507335","RESEPI_RAMADAN","CRAVING_SENSORY","RAPID_FIRE",60,0,0,0,0,0,0.0,"Hari ni kita ada lagi satu kerja berkumpulan iaitu Tauhu Sumbat Crispy. Sangat senang, sangat mudah, semestinya anti gagal 🥰 created by Khairulaming with Khairulaming’s original sound - Khairulaming","https://www.tiktok.com/@khairulaming/video/7613295772565507335"
72,"7612923989719076114","RESEPI_RAMADAN","CRAVING_SENSORY","RAPID_FIRE",60,0,0,0,0,0,0.0,"Baru perasan sepanjang 9 tahun buat video masak, hari ni first time guna tempoyak dengan petai  Mohon maaf ya pelajar semua. Kesian korang 9 tahun tunggu syllabus petai dgn tempoyak 🤣 created by Khairulaming with Khairulaming’s original sound - Khairulaming","https://www.tiktok.com/@khairulaming/video/7612923989719076114"
73,"7612905423682784520","RESEPI_RAMADAN","CRAVING_SENSORY","RAPID_FIRE",60,0,0,0,0,0,0.0,"Resipi ni guna 4 bahan, 3 bahan boleh di beli di kedai tapi ada 1 bahan yang takkan boleh beli walau dengan duit sebanyak mana sekalipun created by Khairulaming with Khairulaming’s original sound - Khairulaming","https://www.tiktok.com/@khairulaming/video/7612905423682784520"
74,"7612554976145001735","RESEPI_RAMADAN","CRAVING_SENSORY","RAPID_FIRE",60,0,0,0,0,0,0.0,"Cikgu pun tertekan sampai lupa nak record voice over semalam 😭 Hari ni jom kita buat Sup Ikan Merah versi mengantuk  created by Khairulaming with Khairulaming’s original sound - Khairulaming","https://www.tiktok.com/@khairulaming/video/7612554976145001735"
75,"7612149333114408199","RESEPI_RAMADAN","CRAVING_SENSORY","RAPID_FIRE",60,0,0,0,0,0,0.0,"Korang tertekan ke banyak menu dessert nak kejar. Jangan risau, tekanan tu takkan berkurang sebab hari ni kita nak buat Apple Fritters. Crispy batter di luar, dicampur apple yang lembut di dalam, sedapnyaa kunyah benda ni 🥹 created by Khairulaming with Khairulaming’s original sound - Khairulaming","https://www.tiktok.com/@khairulaming/video/7612149333114408199"
76,"7611806547060051208","RESEPI_RAMADAN","CRAVING_SENSORY","RAPID_FIRE",60,0,0,0,0,0,0.0,"Siakap Stim Bersantan, inilah menu yang you guys wajib cuba masak untuk buka puasa hari ni. Rasa kuah pekat, masam, pedas, hirup macam tu pun dah sedap 🥹 Hari ni tak garang. Mood tengah happy ni 🥰🥰 created by Khairulaming with Khairulaming’s original sound - Khairulaming","https://www.tiktok.com/@khairulaming/video/7611806547060051208"
77,"7617088420640197906","RESEPI_RAMADAN","CRAVING_SENSORY","RAPID_FIRE",0,3900000,359900,17600,2212,5604,10.93,"","https://www.tiktok.com/@khairulaming/video/7617088420640197906"
78,"7611453477151116552","RESEPI_RAMADAN","CRAVING_SENSORY","RAPID_FIRE",60,0,0,0,0,0,0.0,"Yang mana masak rentung, puding terbelah dua, menari pun tangan keras, haa try yang ni pulak. Overnight Chia Pudding ni tak payah masak, campur letak dalam chiller je.  Kalau yang ni fail jugak aku pencen next year 🤲🏻 created by Khairulaming with Khairulaming’s original sound - Khairulaming","https://www.tiktok.com/@khairulaming/video/7611453477151116552"
79,"7611431627465526536","RESEPI_RAMADAN","CRAVING_SENSORY","RAPID_FIRE",60,0,0,0,0,0,0.0,"Hari tu korang dah buat Ayam Pop kan, haa kejap kita tambah lagi satu lauk iaitu Gulai Ayam Padang. Yang ni boleh pair jugak dgn sambal tempe and es jeruk yang kita buat hari tu 🤤🤤 Esok weekend, nak bagi menu apa yang susah susah skit ehh. Yang ni senang sangat created by Khairulaming with Khairulaming’s original sound - Khairulaming","https://www.tiktok.com/@khairulaming/video/7611431627465526536"
80,"7611138673060400402","BEHIND_THE_SCENES_BISNES","CRAVING_SENSORY","RAPID_FIRE",60,0,0,0,0,0,0.0,"9 tahun lepas i was alone dalam rumah sewa, buat video masak yang tak tahu ada orang tengok ke tak.  Tahun demi tahun kita mula kenal each other. Ada yang dari zaman belajar now dah kerja, ada yang bujang skrang dah kahwin, ada yang dah jadi mak ayah, dan ada juga yang dah pergi meninggalkan kita. Saya dah tak boleh create moments ni dengan arwah ayah, tapi bila tengok korang happy masak dengan family, that means the world to me. Dari Malaysia ke seluruh dunia, terima kasih guys for everything  created by Khairulaming with Elldzs’s som original","https://www.tiktok.com/@khairulaming/video/7611138673060400402"
81,"7611066108279377160","RESEPI_RAMADAN","CRAVING_SENSORY","RAPID_FIRE",60,0,0,0,0,0,0.0,"Maaf lambat sikit ada mesyuarat PIBG tadi. Mak ayah bising anak stress. Hari ni kita tukar syllabus ke Indian food, jom buat Vadai. Sangatlah sedap tak boleh stop makan 😋 Kepada akka amma kalau saya ada salah step tolong betulkan pleasee 🥹 created by Khairulaming with Khairulaming’s original sound - Khairulaming","https://www.tiktok.com/@khairulaming/video/7611066108279377160"
82,"7610718382635191570","RESEPI_RAMADAN","CRAVING_SENSORY","RAPID_FIRE",60,0,0,0,0,0,0.0,"Tugasan terakhir hari ni adalah yang paling simple, demi membetulkan balik Aiskrim Goreng saya yang diaibkan 7 tahun lepas. Say hello to Aiskrim Goreng Pro Max. Cuma guna dua bahan, aiskrim dan roti. Taknak dengar alasan roti habis yaa. Pepatah jepun pernah berbunyi ""Doryoku wa kanarazu mukuwareru"" Kalau kita berusaha, kejayaan itu tak akan sia sia created by Khairulaming with Khairulaming’s original sound - Khairulaming","https://www.tiktok.com/@khairulaming/video/7610718382635191570"
83,"7610699789948308744","RESEPI_RAMADAN","CRAVING_SENSORY","RAPID_FIRE",60,0,0,0,0,0,0.0,"Disebabkan hati cikgu terluka, jom kita buat Tenggiri Masak Cuka. Tak ada tenggiri, boleh ganti siakap. Takde siakap, ganti Kembong. Tak ada jugak boleh guna ikan bandaraya. Dapat membantu alam sekitar kita.  Almost there guys, one more task lagi sejam yaa created by Khairulaming with Khairulaming’s original sound - Khairulaming","https://www.tiktok.com/@khairulaming/video/7610699789948308744"
84,"7610678008025976071","RESEPI_RAMADAN","CRAVING_SENSORY","RAPID_FIRE",60,0,0,0,0,0,0.0,"Tak ada masa untuk rehat, next kita buat Doughnut Balls. Disebabkan ada kalangan kamu yang taknak ke supermarket, jadi kita akan uli sendiri donut hari ni. Donut instant tak dibenarkan Lets keep moving everyone. Sejam lagi dah keluar next video. Go go go created by Khairulaming with Khairulaming’s original sound - Khairulaming","https://www.tiktok.com/@khairulaming/video/7610678008025976071"
85,"7610652458473245970","RESEPI_RAMADAN","CRAVING_SENSORY","RAPID_FIRE",60,0,0,0,0,0,0.0,"Disebabkan semalam aku dimalukan, hari ni kita release EMPAT video resipi, bermula sekarang. First task, Lala Tumis Serai. Ada yang cakap ""KA kenapa banyak sangat menu ayam"". Haa dia memintaaaa, hari ni silakan cari lala 😊 created by Khairulaming with Khairulaming’s original sound - Khairulaming","https://www.tiktok.com/@khairulaming/video/7610652458473245970"
86,"7610273174038662418","RESEPI_RAMADAN","CRAVING_SENSORY","RAPID_FIRE",60,0,0,0,0,0,0.0,"Rehat dah habis ya. Hari ni kita ada Honey BBQ Chicken Tenders. Yang ni kena pakai bbq sauce, and sebenarnya sos ni ada kat sebelah plum sauce kat supermarket. Maaf tak bagitahu awal-awal. Awak semua pun tak tanya jadi saya diam je la 🥰 created by Khairulaming with Khairulaming’s original sound - Khairulaming","https://www.tiktok.com/@khairulaming/video/7610273174038662418"
87,"7610206671549238536","RESEPI_RAMADAN","CRAVING_SENSORY","RAPID_FIRE",60,0,0,0,0,0,0.0,"Ini penjelasan dari pihak saya created by Khairulaming with Khairulaming’s original sound - Khairulaming","https://www.tiktok.com/@khairulaming/video/7610206671549238536"
88,"7609908058969591047","RESEPI_RAMADAN","CRAVING_SENSORY","RAPID_FIRE",60,0,0,0,0,0,0.0,"Disebabkan ramai dah mula burn out sampai nak drop out, baiklah hari ni kita buat simple sikit iaitu Ayam Goreng Crispy Cicah Sos Thai. Boleh makan ni kalau stress, krup krap krup krap tu sedappp bila kunyah created by Khairulaming with Khairulaming’s original sound - Khairulaming","https://www.tiktok.com/@khairulaming/video/7609908058969591047"
89,"7609600086259125511","RESEPI_RAMADAN","CRAVING_SENSORY","RAPID_FIRE",60,0,0,0,0,0,0.0,"Korang dah balik dari supermarket tapi tak beli tempe? haa itu bukan masalah saya. Sebab kita dah cakap hari ni nak buat Sambal Tempe 🥰 Tempe digoreng rangup dan ditumbuk bersama cili dan perahan limau perghh kecur air liur 🌶️🌶️🔥🔥 created by Khairulaming with Khairulaming’s original sound - Khairulaming","https://www.tiktok.com/@khairulaming/video/7609600086259125511"
90,"7609573463442918663","RESEPI_RAMADAN","CRAVING_SENSORY","RAPID_FIRE",60,0,0,0,0,0,0.0,"Next recipe ni sangatlah mudah, dijamin Pak Nil pun takkan membebel. Cuma korang kena pergi supermarket lagi sekali. Jom kita buat Smores Dip 🥰 created by Khairulaming with Khairulaming’s original sound - Khairulaming","https://www.tiktok.com/@khairulaming/video/7609573463442918663"
91,"7609536695586901256","BEHIND_THE_SCENES_BISNES","CRAVING_SENSORY","RAPID_FIRE",60,0,0,0,0,0,0.0,"Are you readyy hari ni kita nak buat projek berkumpulan pulak iaitu Nasi Kukus Ayam Berempah. Ada banyak department untuk menu ni, kita ada ayam goreng, nasi kukus, gulai dan juga sambal. So please split the tasks and work together kat rumah nanti okeh 🥰 created by Khairulaming with Khairulaming’s original sound - Khairulaming","https://www.tiktok.com/@khairulaming/video/7609536695586901256"
92,"7609204260554689799","RESEPI_RAMADAN","CRAVING_SENSORY","RAPID_FIRE",60,0,0,0,0,0,0.0,"Mohon bersabar jangan menekan-nekan. Boleh sejukkan badan dengan Pisang Sagu Gula Melaka ni. Sangat senang nak buat guna 4 bahan je. Lega tekak minum sejuk-sejuk 🤤 created by Khairulaming with Khairulaming’s original sound - Khairulaming","https://www.tiktok.com/@khairulaming/video/7609204260554689799"
93,"7609170882749041928","RESEPI_RAMADAN","CRAVING_SENSORY","RAPID_FIRE",60,0,0,0,0,0,0.0,"Resipi semalam semua dah buat kan? sebab hari ni kita dah nak switch ke international studies, buat Ayam Peri-Peri. Guna air fryer pun dah boleh dapat ayam juicy sedap macam ni 🥰 created by Khairulaming with Khairulaming’s original sound - Khairulaming","https://www.tiktok.com/@khairulaming/video/7609170882749041928"
94,"7608860626051452168","RESEPI_RAMADAN","CRAVING_SENSORY","RAPID_FIRE",60,0,0,0,0,0,0.0,"Korang dah balik dari supermarket? haa jom pergi lagi sekali and beli roti mantou. Cicah dengan kuah buttermilk ni sangatlah sedap yaaa 🥰 Yang muda-muda kat rumah boleh takeover menu ni untuk family created by Khairulaming with Khairulaming’s original sound - Khairulaming","https://www.tiktok.com/@khairulaming/video/7608860626051452168"
95,"7608833168380087559","RESEPI_RAMADAN","CRAVING_SENSORY","RAPID_FIRE",60,0,0,0,0,0,0.0,"Esok weekend tapi semua tak boleh rehat lagi. Next jom kita buat Peach Cobbler untuk makan waktu moreh dengan aiskrim vanila. Siapa in charge dessert dalam rumah boleh buat task ni 🥰 created by Khairulaming with Khairulaming’s original sound - Khairulaming","https://www.tiktok.com/@khairulaming/video/7608833168380087559"
96,"7608800441157061896","RESEPI_RAMADAN","CRAVING_SENSORY","RAPID_FIRE",60,0,0,0,0,0,0.0,"Kalau sos plum tak ada takpe kita switch ke Cantonese Yee Mee hari ni. Mudah, cepat, sedap, sangat beginner friendly untuk masak 🥰 created by Khairulaming with Khairulaming’s original sound - Khairulaming","https://www.tiktok.com/@khairulaming/video/7608800441157061896"
97,"7608286853602495762","RESEPI_RAMADAN","CRAVING_SENSORY","RAPID_FIRE",60,0,0,0,0,0,0.0,"Belum habis lagi, kita ada pulak resipi Ayam Pop.  Yang masih tengah study ayam sos plum tu kena cepat, kita dah tukar chapter lain dah ni 😁 created by Khairulaming with Khairulaming’s original sound - Khairulaming","https://www.tiktok.com/@khairulaming/video/7608286853602495762"
98,"7608284402535107848","RESEPI_RAMADAN","CRAVING_SENSORY","RAPID_FIRE",60,0,0,0,0,0,0.0,"Ini resipi Puding Karamel. Tahun lepas ramai yang gagal buat, so tahun ni kita R&D balik dengan resipi yang inshaAllah tak gagal Bestnya makan sejuk-sejuk baru keluar dari peti ais 😭 created by Khairulaming with Khairulaming’s original sound - Khairulaming","https://www.tiktok.com/@khairulaming/video/7608284402535107848"
99,"7608279986633510162","RESEPI_RAMADAN","CRAVING_SENSORY","RAPID_FIRE",60,0,0,0,0,0,0.0,"5 Menu Air Berbuka: Longan Kurma Merah, Watermelon Jasmine, Soda Herbs Kasturi, Infused Water & Es Jeruk. Haa tahun ni kita bagi both air manis dan air kosong. Boleh cuba semua air tapi jangan banyak sangat minum air manis okeh 😁 Selamat berbukaa created by Khairulaming with Khairulaming’s original sound - Khairulaming","https://www.tiktok.com/@khairulaming/video/7608279986633510162"
100,"7608327127926115592","RESEPI_RAMADAN","CRAVING_SENSORY","RAPID_FIRE",60,0,0,0,0,0,0.0,"Selepas 2 bulan planning, hari ni kita transform Rembayung menjadi live room terbesar di Malaysia. Dengan bantuan 10 co-host termasuk Zizan Razak, hari ni kita akan live di rembayung untuk anda semua. created by Khairulaming with Khairulaming’s original sound - Khairulaming","https://www.tiktok.com/@khairulaming/video/7608327127926115592"
101,"7608088446246128914","RESEPI_RAMADAN","CRAVING_SENSORY","RAPID_FIRE",60,0,0,0,0,0,0.0,"Resipi kedua: Sardin Tumis Bersantan & Nasi Goreng Cili Kering 😁 Haa ni semua menu sahur yang you guys boleh try buat pagi esok hehe created by Khairulaming with Khairulaming’s original sound - Khairulaming","https://www.tiktok.com/@khairulaming/video/7608088446246128914"
102,"7608083211482172679","RESEPI_RAMADAN","CRAVING_SENSORY","RAPID_FIRE",60,0,0,0,0,0,0.0,"Resipi pertama: Ayam Sos Plum 😁 Selamat berpuasa semuaa. Jangan lupa set alarm bangun sahurr created by Khairulaming with Khairulaming’s original sound - Khairulaming","https://www.tiktok.com/@khairulaming/video/7608083211482172679"
103,"7607696495944518920","RESEPI_RAMADAN","CRAVING_SENSORY","RAPID_FIRE",60,0,0,0,0,0,0.0,"Sesi pembelajaran akan bermula tak lama lagi. Doakan dapur students tak terbakar tahun ni 🥹 Selamat datang ke tahun kesembilan created by Khairulaming with Khairulaming’s original sound - Khairulaming","https://www.tiktok.com/@khairulaming/video/7607696495944518920"
104,"7607358641859022087","RESEPI_RAMADAN","CRAVING_SENSORY","RAPID_FIRE",60,0,0,0,0,0,0.0,"Korang dah boleh sahur di Rembayung! 🤣 created by Khairulaming with Khairulaming’s original sound - Khairulaming","https://www.tiktok.com/@khairulaming/video/7607358641859022087"
105,"7603319942888393991","RESEPI_RAMADAN","CRAVING_SENSORY","RAPID_FIRE",60,0,0,0,0,0,0.0,"Untuk trip pemenang ke New Zealand hari tu kita pilih untuk terbang dengan Malaysia Airlines and yang best dapat try airplane baru untuk route ke Auckland. Business Class and Economy Class dua-dua kita test and ini recap perjalanan kami 😁 created by Khairulaming with Khairulaming’s original sound - Khairulaming","https://www.tiktok.com/@khairulaming/video/7603319942888393991"
106,"7598834836383616274","RESEPI_RAMADAN","CRAVING_SENSORY","RAPID_FIRE",60,0,0,0,0,0,0.0,"Transition idea untuk customers yang nak buat content kat rembayung nanti. Credit suara acik-acik yang menjerit dalam bas hari tu 😂 created by Khairulaming with Khairulaming’s original sound - Khairulaming","https://www.tiktok.com/@khairulaming/video/7598834836383616274"
107,"7595842576867953927","RESEPI_RAMADAN","CRAVING_SENSORY","RAPID_FIRE",60,0,0,0,0,0,0.0,"Lepas mengaji kat masjid adik-adik ni naik basikal datang Rembayung mintak tandatangan. Belajar elok-elok dik, semoga berjaya dunia akhirat nanti 🤲 created by Khairulaming with Khairulaming’s original sound - Khairulaming","https://www.tiktok.com/@khairulaming/video/7595842576867953927"
108,"7590734333808364807","RESEPI_RAMADAN","CRAVING_SENSORY","RAPID_FIRE",60,0,0,0,0,0,0.0,"Inilah dia Rembayung, restoran pertama Khairulaming. Selepas berbulan-bulan buat persediaan, akhirnya kita bersedia untuk membuka tirai.  Berpuluh jenis juadah kampung dan minuman disediakan. Kuih muih pun ada juga. Di rembayung kita tak ada VIP room, semua orang dijemput menjamu selera beramai-ramai Doakan perniagaan kami dipermudahkan dan kami semua tak sabar nak nantikan kehadiran anda 😊 created by Khairulaming with Khairulaming’s original sound - Khairulaming","https://www.tiktok.com/@khairulaming/video/7590734333808364807"
109,"7589898616588864786","RESEPI_RAMADAN","CRAVING_SENSORY","RAPID_FIRE",60,0,0,0,0,0,0.0,"Tahun ni KA ambil keputusan untuk keluar dari comfort zone dan cuba capai goals yang lagi besar. Adakah penat? memang penat. Tapi itulah sebahagian proses untuk capai semua ni sepanjang 2025 created by Khairulaming with Khairulaming’s original sound - Khairulaming","https://www.tiktok.com/@khairulaming/video/7589898616588864786"
110,"7588486227058429192","RESEPI_RAMADAN","CRAVING_SENSORY","RAPID_FIRE",60,0,0,0,0,0,0.0,"Hari tu KA bawa semua pemenang NZ trip masuk hutan and tengok bintang dalam gelap gelita. Seriously best boleh tengok bintang terang depan mata sendiri 🥹 And kita bawa juga diaorang naik ferry untuk round tengok tasik biru kat Queenstown NZ trip. Sangat-sangat worth it 🤝 created by Khairulaming with Khairulaming’s original sound - Khairulaming","https://www.tiktok.com/@khairulaming/video/7588486227058429192"
111,"7581780123779665160","RESEPI_RAMADAN","CRAVING_SENSORY","RAPID_FIRE",60,0,0,0,0,0,0.0,"Selepas setahun simpan rahsia, restoran pertama Khairulaming telah pun siap. Dengan menelan modal 4 juta ringgit, kita bina bangunan dari scratch di atas tanah kosong seluas 8,000 kaki di Kg Baru. Ini adalah investment terbesar KA pernah buat untuk one single project Selepas 10 tahun dalam dunia online, i’m finally ready untuk mulakan langkah ke dunia offline. Ini adalah permulaan untuk planning KA 10 tahun yang seterusnya. Selamat datang ke Rembayung ❤️ created by Khairulaming with Khairulaming’s original sound - Khairulaming","https://www.tiktok.com/@khairulaming/video/7581780123779665160"
112,"7569477517594070290","RESEPI_RAMADAN","CRAVING_SENSORY","RAPID_FIRE",60,0,0,0,0,0,0.0,"Tak lama lagi akan start musim kahwin. Ini hadiah paling senang korang boleh bagi kat pengantin. Nak buat hadiah birthday boleh, nak bagi kat office mate untuk appreciation akhir tahun pun bolehh 😁 created by Khairulaming with Khairulaming’s original sound - Khairulaming","https://www.tiktok.com/@khairulaming/video/7569477517594070290"
113,"7567725292853349639","RESEPI_RAMADAN","CRAVING_SENSORY","RAPID_FIRE",60,0,0,0,0,0,0.0,"Panggilan kepada semua pencipta e-dagang! TikTok Shop MY mempersembahkan program mentorship creator e-dagang. Dapatkan tunjuk ajar daripada mentors, asah potensi anda, dan jadi ICON seterusnya. Cara mendaftar: Langkah 1: Pergi ke akaun @sellwithtiktokshop_my atau @tiktokshop_my Langkah 2: Klik pautan di bio Langkah 3: Pilih banner Creator ICON Registration Langkah 4: Klik Register dan isi borang pendaftaran Tempoh Pendaftaran: 1 – 19 November 2025 Tempat terhad. Jangan lepaskan peluang untuk sertai program bimbingan pencipta e-dagang pertama di Malaysia. #TikTokShopMYCreatorIcon #TikTokShopMY created by Khairulaming with Khairulaming’s original sound - Khairulaming","https://www.tiktok.com/@khairulaming/video/7567725292853349639"
114,"7563163420976041223","RESEPI_RAMADAN","CRAVING_SENSORY","RAPID_FIRE",60,0,0,0,0,0,0.0,"Selamat Hari Deepavali kepada semua yang menyambut hari ni. Makan sedap-sedap, enjoy your time dengan family and selamat bercuti okeh!! 😁😁 created by Khairulaming with Khairulaming’s original sound - Khairulaming","https://www.tiktok.com/@khairulaming/video/7563163420976041223"
115,"7561682521243585800","RESEPI_RAMADAN","CRAVING_SENSORY","RAPID_FIRE",60,0,0,0,0,0,0.0,"Untuk pemenang New Zealand trip KA bagi surprise naik 3 buah helicopter dan mendarat kat puncak gunung untuk main salji. Diaorang semua tergamam tak expect dapat surprise ni 🥹 created by Khairulaming with Khairulaming’s original sound - Khairulaming","https://www.tiktok.com/@khairulaming/video/7561682521243585800"
116,"7559609975182462226","BEHIND_THE_SCENES_BISNES","CRAVING_SENSORY","RAPID_FIRE",60,0,0,0,0,0,0.0,"Today was a good day. Dikelilingi orang-orang baik ❤️ created by Khairulaming with Lord Huron’s The Night We Met","https://www.tiktok.com/@khairulaming/video/7559609975182462226"
117,"7559592837906517256","RESEPI_RAMADAN","CRAVING_SENSORY","RAPID_FIRE",60,0,0,0,0,0,0.0,"Seperti yang dijanjikan, 5 pembeli rendang terpantas bersama plus one dah selamat sampai ke New Zealand  Kesemua 9 orang akan spend masa dengan KA kat sini selama seminggu, all fully sponsored. Unfortunately seorang tak dapat hadir last minute atas faktor tak dapat dielakkan.  Banyak benda best yang KA dahz plan untuk diaorang. Harap perjalanan trip ni lancar dan selamat aminnn 🤲 created by Khairulaming with Khairulaming’s original sound - Khairulaming","https://www.tiktok.com/@khairulaming/video/7559592837906517256"
118,"7558815491192524039","RESEPI_RAMADAN","CRAVING_SENSORY","RAPID_FIRE",60,0,0,0,0,0,0.0,"Sekarang hari-hari boleh beraya 😁😁 Jemput makan rendang dengan pulut kuning created by Khairulaming with Khairulaming’s original sound - Khairulaming","https://www.tiktok.com/@khairulaming/video/7558815491192524039"
119,"7558326630234475794","RESEPI_RAMADAN","CRAVING_SENSORY","RAPID_FIRE",60,0,0,0,0,0,0.0,"Launching RM 1 juta rendang nyet sold out dalam 19 saat, bukan 30 saat. Laju betul jari korang semua 🥹. This one is for all of us, terima kasih guysss sebab support selalu support perniagaan lokal 💪🏻💪🏻 created by Khairulaming with Khairulaming’s original sound - Khairulaming","https://www.tiktok.com/@khairulaming/video/7558326630234475794"
120,"7557940489006091538","RESEPI_RAMADAN","CRAVING_SENSORY","RAPID_FIRE",60,0,0,0,0,0,0.0,"Akhirnya rendang nyet restock di video bag kuning. Selamat mencuba 😁😁 created by Khairulaming with Khairulaming’s original sound - Khairulaming","https://www.tiktok.com/@khairulaming/video/7557940489006091538"
121,"7557181670793809170","BEHIND_THE_SCENES_BISNES","CRAVING_SENSORY","RAPID_FIRE",60,0,0,0,0,0,0.0,"Gelombang ketiga dah on the way. Diharapkan kesemua delegasi Malaysia dibebaskan dengan selamat. More ships will come 💪🏻⛴️ created by Khairulaming with Khairulaming’s original sound - Khairulaming","https://www.tiktok.com/@khairulaming/video/7557181670793809170"
122,"7556138016536890631","RESEPI_RAMADAN","CRAVING_SENSORY","RAPID_FIRE",60,0,0,0,0,0,0.0,"Percutian Staff Khairulaming 2025. Alhamdulillah diberikan peluang untuk kongsi rezeki dengan staff yang baik macam ni 🥹❤️ created by Khairulaming with Khairulaming’s original sound - Khairulaming","https://www.tiktok.com/@khairulaming/video/7556138016536890631"
123,"7546453301961837842","RESEPI_RAMADAN","CRAVING_SENSORY","RAPID_FIRE",60,0,0,0,0,0,0.0,"Anugerah ini KA tujukan kepada semua peniaga diluar sana. Ada yang berniaga dalam hujan dan panas, ada yang menitis air mata bila banyak tak terjual, ada yang tak tidur malam fikirkan gaji pekerja, ada yang rugi tapi masih mampu tersenyum lebar. Anda semua orang yang kuat. Teruskanlah berniaga & yakinlah dengan rezeki yang Allah SWT berikan. Yang penting sama-sama kita berniaga dengan cara yang ikhlas, berkat & halal. Salam Maulidur Rasul SAW created by Khairulaming with Khairulaming’s original sound - Khairulaming","https://www.tiktok.com/@khairulaming/video/7546453301961837842"
124,"7546452909018402066","RESEPI_RAMADAN","CRAVING_SENSORY","RAPID_FIRE",60,0,0,0,0,0,0.0,"Terima kasih kepada semua orang baik. Anugerah ini untuk anda semua. Salam Maulidur Rasul SAW 🤲 created by Khairulaming with Khairulaming’s original sound - Khairulaming","https://www.tiktok.com/@khairulaming/video/7546452909018402066"
125,"7541363857399237906","RESEPI_RAMADAN","CRAVING_SENSORY","RAPID_FIRE",60,0,0,0,0,0,0.0,"Dekat New Zealand kita boleh pancing salmon fresh lepas tu potong buat masak atau makan mentah. Ni sambungan NZ series Ep 6. Sorry tau setahun sidai 😭 created by Khairulaming with Khairulaming’s original sound - Khairulaming","https://www.tiktok.com/@khairulaming/video/7541363857399237906"
126,"7538031355578404103","RESEPI_RAMADAN","CRAVING_SENSORY","RAPID_FIRE",60,0,0,0,0,0,0.0,"Ini semua 5 pemenang yang dapat ke New Zealand. Teharu dengar cerita masing-masing. Ada yang internet satu bar, ada yang menang sambil ayah hantar pergi main volleyball, ada yang menang sambil tidurkan anak.  Satu benda yang KA happy, pemenang ni semua adalah antara kita semua. Bukan orang yang pakai bot, bukan pakai super computer, bukan scalpers. Ini adalah real people, with real stories, yang support produk lokal kita.  Doakan perjalanan kami ke New Zealand dipermudahkan 🙏🏻 created by Khairulaming with Khairulaming’s original sound - Khairulaming","https://www.tiktok.com/@khairulaming/video/7538031355578404103"
127,"7536113556685884679","RESEPI_RAMADAN","CRAVING_SENSORY","RAPID_FIRE",60,0,0,0,0,0,0.0,"Jumpa anda malam ni. Terima kasih guys, segala usaha berbulan-bulan sampai ke kemuncak hari ni 🥹 created by Khairulaming with Khairulaming’s original sound - Khairulaming","https://www.tiktok.com/@khairulaming/video/7536113556685884679"
128,"7535792479908515090","RESEPI_RAMADAN","CRAVING_SENSORY","RAPID_FIRE",60,0,0,0,0,0,0.0,"Kalau korang ada plan nak mula berniaga, video ni untuk korang. Ini steps yang boleh buat untuk hasilkan satu produk lokal bermula dari R&D sehingga ke launching. Terima kasih kepada rakyat Malaysia yang tak pernah berhenti support local product kita. Teruskan sokong, sebab ramai lagi peniaga kat luar sana yang baru nak mula and diaorang perlukan support dari kita. created by Khairulaming with Khairulaming’s original sound - Khairulaming","https://www.tiktok.com/@khairulaming/video/7535792479908515090"
129,"7535321919747411207","RESEPI_RAMADAN","CRAVING_SENSORY","RAPID_FIRE",60,0,0,0,0,0,0.0,"Ini harga sepaket Rendang Nyet Berapi 😊 created by Khairulaming with Khairulaming’s original sound - Khairulaming","https://www.tiktok.com/@khairulaming/video/7535321919747411207"
130,"7535069349359439111","RESEPI_RAMADAN","CRAVING_SENSORY","RAPID_FIRE",60,0,0,0,0,0,0.0,"Rendang Nyet ni rendang jenis apa? Ayam ke daging? Macam mana nak makan? Berapa lama expiry date? haa ini penjelasan sepenuhnya yang KA dah compile Welcome to Rendang Nyet 101 😁 created by Khairulaming with Khairulaming’s original sound - Khairulaming","https://www.tiktok.com/@khairulaming/video/7535069349359439111"
131,"7534961056079432968","RESEPI_RAMADAN","CRAVING_SENSORY","RAPID_FIRE",60,0,0,0,0,0,0.0,"KA nak bawa 10 orang ke New Zealand lepas launching Rendang Nyet Berapi nanti 😁 created by Khairulaming with Khairulaming’s original sound - Khairulaming","https://www.tiktok.com/@khairulaming/video/7534961056079432968"
132,"7534587787375430920","RESEPI_RAMADAN","CRAVING_SENSORY","RAPID_FIRE",60,0,0,0,0,0,0.0,"Produk ketiga Khairulaming. Penat lelah dari 3 bulan lepas akhirnya akan berakhir tak lama lagi. KA tak sabar nak bagi you guys rasa Rendang Nyet Berapi ni 🥹 created by Khairulaming with Khairulaming’s original sound - Khairulaming","https://www.tiktok.com/@khairulaming/video/7534587787375430920"
133,"7524576884361891079","RESEPI_RAMADAN","CRAVING_SENSORY","RAPID_FIRE",60,0,0,0,0,0,0.0,"Cara mudah nak buat Durian Crepe kat rumah 🥰 created by Khairulaming with Khairulaming’s original sound - Khairulaming","https://www.tiktok.com/@khairulaming/video/7524576884361891079"
134,"7524256191191534856","RESEPI_RAMADAN","CRAVING_SENSORY","RAPID_FIRE",60,0,0,0,0,0,0.0,"Dah lama tak masak so jom kita buat Serawa Durian. Sedap cicah dengan roti or makan dengan pulut panas-panas 😁 created by Khairulaming with Khairulaming’s original sound - Khairulaming","https://www.tiktok.com/@khairulaming/video/7524256191191534856"
135,"7516790452549438727","RESEPI_RAMADAN","CRAVING_SENSORY","RAPID_FIRE",60,0,0,0,0,0,0.0,"Lamanya tak masak 🥺 Jom kita buat Daging Belengasss menggunakan daging raya haji yang simpan dalam freezer kat rumah tu hehe  created by Khairulaming with Khairulaming’s original sound - Khairulaming","https://www.tiktok.com/@khairulaming/video/7516790452549438727"
136,"7510135319262514439","RESEPI_RAMADAN","CRAVING_SENSORY","RAPID_FIRE",60,0,0,0,0,0,0.0,"Kalau ada bag kuning maksudnya kita baru je restock 😁 Dah ramai repeat order Dendeng Nyet Ekstra Pedas ni. Thank you guyss created by Khairulaming with Khairulaming’s original sound - Khairulaming","https://www.tiktok.com/@khairulaming/video/7510135319262514439"
137,"7501947413062602002","RESEPI_RAMADAN","CRAVING_SENSORY","RAPID_FIRE",60,0,0,0,0,0,0.0,"Kalau ada dekat bag kuning maksudnya kita dah restock! 😁😁 created by Khairulaming with Ramol’s Dream Away","https://www.tiktok.com/@khairulaming/video/7501947413062602002"
138,"7501609046202469650","RESEPI_RAMADAN","CRAVING_SENSORY","RAPID_FIRE",60,0,0,0,0,0,0.0,"Ada sesiapa plan nak beli malam ni? Jemput join livestream kita nanti ramai-ramai. Thank you guyss 🥹🥹 created by Khairulaming with Khairulaming’s original sound - Khairulaming","https://www.tiktok.com/@khairulaming/video/7501609046202469650"
139,"7501299213586795783","BEHIND_THE_SCENES_BISNES","CRAVING_SENSORY","RAPID_FIRE",60,0,0,0,0,0,0.0,"Untuk Dendeng Nyet Ekstra Pedas ni KA mintak maaf kena naikkan harga seringgit berbanding yang original sebab penggunaan cili 2-3 kali ganda dari yang sebelum. Kita juga kena tambah extra minyak masak dan double tempoh masakan with additional gas consumption untuk make sure semua cili kisar dan cili padi masak sepenuhnya. Actually the additional cost incurred is more than Rm1 tapi kalau naikkan lagi dia akan jadi beban to my followers. Harap semua org boleh terima kenaikan harga untuk dendeng versi pedas ni. Terima kasih guys for your support 🙏🏻🥺 created by Khairulaming with Gede Yudis’s growth","https://www.tiktok.com/@khairulaming/video/7501299213586795783"
140,"7501206141733473554","RESEPI_RAMADAN","CRAVING_SENSORY","RAPID_FIRE",60,0,0,0,0,0,0.0,"Jumpa korang esok malam! 🥹 created by Khairulaming with Khairulaming’s original sound - Khairulaming","https://www.tiktok.com/@khairulaming/video/7501206141733473554"
141,"7500838463944625426","RESEPI_RAMADAN","CRAVING_SENSORY","RAPID_FIRE",60,0,0,0,0,0,0.0,"Memperkenalkan Dendeng Nyet Ekstra Pedas. Segala feedback yang anda bagi telah kami ambil maklum untuk R&D Dendeng Nyet versi baru ini. Kalau anda suka pedas, this one is for you ❤️🔥 created by Khairulaming with Khairulaming’s original sound - Khairulaming","https://www.tiktok.com/@khairulaming/video/7500838463944625426"
142,"7493609380521200903","RESEPI_RAMADAN","CRAVING_SENSORY","RAPID_FIRE",60,0,0,0,0,0,0.0,"Boleh tekan bag kuning untuk restock. Nak yang combo pun boleh jugak hihi created by Khairulaming with Khairulaming’s original sound - Khairulaming","https://www.tiktok.com/@khairulaming/video/7493609380521200903"
143,"7493488046378208530","RESEPI_RAMADAN","CRAVING_SENSORY","RAPID_FIRE",60,0,0,0,0,0,0.0,"Oman Ep 4 : Salah satu keunikan Oman ni negara dia tak ada bangunan pencakar langit, berbeza dengan negara arab lain. Also kat sini korang boleh pergi padang pasir, tepi laut, kolam air, dan juga city center dalam hari yang sama created by Khairulaming with Khairulaming’s original sound - Khairulaming","https://www.tiktok.com/@khairulaming/video/7493488046378208530"
144,"7491646938278874386","BEHIND_THE_SCENES_BISNES","CRAVING_SENSORY","RAPID_FIRE",60,0,0,0,0,0,0.0,"Bila pergi Oman hari tu KA diberikan peluang untuk collab dengan content creator terbesar di Oman. Yang buat terharu sebab kami share background yang sama. Beliau seorang mechanical engineer, buat content memasak, dan ada bisnes makanan sendiri. Ini kisah Chef Ahmad created by Khairulaming with Khairulaming’s original sound - Khairulaming","https://www.tiktok.com/@khairulaming/video/7491646938278874386"
145,"7487572463023394055","RESEPI_RAMADAN","CRAVING_SENSORY","RAPID_FIRE",60,0,0,0,0,0,0.0,"Esok jangan lupa share baju raya korang. Pakai cantik-cantik okeh ✨🥹 created by Khairulaming with Khairulaming’s original sound - Khairulaming","https://www.tiktok.com/@khairulaming/video/7487572463023394055"
146,"7487485922217348359","RESEPI_RAMADAN","CRAVING_SENSORY","RAPID_FIRE",60,0,0,0,0,0,0.0,"Selepas 8 tahun buat video masak, tahun ni yang buat aku menitik air mata. Video masak menyatukan semua orang, yang tua, yang muda, tak kira umur atau bangsa, semua masuk dapur untuk cuba memasak.  Dengan lebih daripada separuh billion views across all platforms, tahun ni officially menjadi tahun terbesar content puasa KA dalam sejarah. Terima kasih beri KA peluang untuk meriahkan bulan puasa korang. Saya undur diri dahulu untuk berehat. Selamat hari raya guyss, maaf zahir dan batin 🫶🏻🥹 created by Khairulaming with Khairulaming’s original sound - Khairulaming","https://www.tiktok.com/@khairulaming/video/7487485922217348359"
147,"7487150809159879943","RESEPI_RAMADAN","CRAVING_SENSORY","RAPID_FIRE",60,0,0,0,0,0,0.0,"Assignment tambahan korang. Rate menu raya and mohon submit bila dah siap created by Khairulaming with Khairulaming’s original sound - Khairulaming","https://www.tiktok.com/@khairulaming/video/7487150809159879943"
148,"7487122746527304968","RESEPI_RAMADAN","CRAVING_SENSORY","RAPID_FIRE",60,0,0,0,0,0,0.0,"Resipi terakhir: Biskut Arab Esok kita akan keluarkan video recap hasil masakan korang sepanjang bulan puasa ni. Boleh tengok masakan siapa yang bencana, masakan siapa yang cemerlang 🤣  created by Khairulaming with Khairulaming’s original sound - Khairulaming","https://www.tiktok.com/@khairulaming/video/7487122746527304968"
149,"7486337073192946952","RESEPI_RAMADAN","CRAVING_SENSORY","RAPID_FIRE",60,0,0,0,0,0,0.0,"Puasa 26 : Nasi Tomato & Ayam Masak Merah Kenduri Ni antara menu yang sangat ngam untuk buat open house. Boleh try buat raya nanti 🤤 created by Khairulaming with Khairulaming’s original sound - Khairulaming","https://www.tiktok.com/@khairulaming/video/7486337073192946952"
150,"7486225468346141959","RESEPI_RAMADAN","CRAVING_SENSORY","RAPID_FIRE",60,0,0,0,0,0,0.0,"Ni lah anak cikgu. Besar dah sekarang created by Khairulaming with Dato' Sri Siti Nurhaliza’s Comel Pipi Merah","https://www.tiktok.com/@khairulaming/video/7486225468346141959"
151,"7485999289957616914","RESEPI_RAMADAN","CRAVING_SENSORY","RAPID_FIRE",60,0,0,0,0,0,0.0,"Puasa ke-25 : Laksa Siam Ini antara menu open house yang senang untuk korang buat dalam kuantiti besar and tetamu pun boleh layan diri untuk makan. Sedap sangatt 🤤🤤 created by Khairulaming with Khairulaming’s original sound - Khairulaming","https://www.tiktok.com/@khairulaming/video/7485999289957616914"
152,"7485853519900183815","RESEPI_RAMADAN","CRAVING_SENSORY","RAPID_FIRE",60,0,0,0,0,0,0.0,"Jemput lawan created by Khairulaming with Khairulaming’s original sound - Khairulaming","https://www.tiktok.com/@khairulaming/video/7485853519900183815"
153,"7485600643839757575","RESEPI_RAMADAN","CRAVING_SENSORY","RAPID_FIRE",60,0,0,0,0,0,0.0,"Semalam kita tutup kilang untuk meraikan staff KA di bulan puasa ni. Kita bawa semua staff shopping baju raya, shopping barang dapur untuk preparation raya dengan family, bagi duit raya and also buka puasa kat hotel. Syukur dan happy dapat teruskan tradisi ni tahun demi tahun 🫶🏻🥹 created by Khairulaming with Khairulaming’s original sound - Khairulaming","https://www.tiktok.com/@khairulaming/video/7485600643839757575"
154,"7485245974458289426","RESEPI_RAMADAN","CRAVING_SENSORY","RAPID_FIRE",60,0,0,0,0,0,0.0,"Puasa ke-23 : Rendang Satu Ekor Ayam Yang ni resipi rendang untuk satu ekor ayam yang korang boleh guna untuk raya ni. Sangat senang, best makan dengan ketupat or lemang 🤤 created by Khairulaming with Khairulaming’s original sound - Khairulaming","https://www.tiktok.com/@khairulaming/video/7485245974458289426"
155,"7484884162332069128","RESEPI_RAMADAN","CRAVING_SENSORY","RAPID_FIRE",60,0,0,0,0,0,0.0,"Puasa ke-22 : Marshmallow Nougat created by Khairulaming with Khairulaming’s original sound - Khairulaming","https://www.tiktok.com/@khairulaming/video/7484884162332069128"
156,"7484522749407300882","RESEPI_RAMADAN","CRAVING_SENSORY","RAPID_FIRE",60,0,0,0,0,0,0.0,"Puasa ke-21 : Cheesy Oblong Burger Best untuk buat moreh dengan family 🤤 created by Khairulaming with Khairulaming’s original sound - Khairulaming","https://www.tiktok.com/@khairulaming/video/7484522749407300882"
157,"7486012059457424647","RESEPI_RAMADAN","CRAVING_SENSORY","RAPID_FIRE",0,3300000,312500,8909,4380,4084,10.66,"","https://www.tiktok.com/@khairulaming/video/7486012059457424647"
158,"7484150259581488392","RESEPI_RAMADAN","CRAVING_SENSORY","RAPID_FIRE",60,0,0,0,0,0,0.0,"Puasa ke-20 : Ayam Goreng Masak Lemak Cili Api created by Khairulaming with Khairulaming’s original sound - Khairulaming","https://www.tiktok.com/@khairulaming/video/7484150259581488392"
159,"7483768833728154888","RESEPI_RAMADAN","CRAVING_SENSORY","RAPID_FIRE",60,0,0,0,0,0,0.0,"Puasa ke-19 : Chocolate Beignets Dough yang digoreng crispy diluar, tapi fluffy kat dalam. Boleh letak hazelnut chocolate atau topping yang korang suka 🤤 created by Khairulaming with Khairulaming’s original sound - Khairulaming","https://www.tiktok.com/@khairulaming/video/7483768833728154888"
160,"7483396624945843474","RESEPI_RAMADAN","CRAVING_SENSORY","RAPID_FIRE",60,0,0,0,0,0,0.0,"Puasa ke-18: Ayam Percik Disebabkan raya nanti baru boleh balik kampung, so kita buat sendiri ayam percik kat rumah. Terubat sikit rindu 🥹 created by Khairulaming with Khairulaming’s original sound - Khairulaming","https://www.tiktok.com/@khairulaming/video/7483396624945843474"
161,"7483254092970741010","RESEPI_RAMADAN","CRAVING_SENSORY","RAPID_FIRE",60,0,0,0,0,0,0.0,"Tolong doakan batch tahun ni created by Khairulaming with Noh Salleh’s original sound - officialnohsalleh","https://www.tiktok.com/@khairulaming/video/7483254092970741010"
162,"7483119668010437895","RESEPI_RAMADAN","CRAVING_SENSORY","RAPID_FIRE",60,0,0,0,0,0,0.0,"Alhamdulillah jualan produk Khairulaming untuk tahun 2024 mencecah RM 42 Juta, iaitu peningkatan sebanyak 110% dari tahun sebelumnya (RM 20 juta) created by Khairulaming with Khairulaming’s original sound - Khairulaming","https://www.tiktok.com/@khairulaming/video/7483119668010437895"
163,"7483041417590213895","RESEPI_RAMADAN","CRAVING_SENSORY","RAPID_FIRE",60,0,0,0,0,0,0.0,"Puasa ke-17 : Colek Malas created by Khairulaming with Khairulaming’s original sound - Khairulaming","https://www.tiktok.com/@khairulaming/video/7483041417590213895"
164,"7482672998881824007","RESEPI_RAMADAN","CRAVING_SENSORY","RAPID_FIRE",60,0,0,0,0,0,0.0,"Puasa ke-16: Mini Peach Strudel created by Khairulaming with Khairulaming’s original sound - Khairulaming","https://www.tiktok.com/@khairulaming/video/7482672998881824007"
165,"7482282461641100562","RESEPI_RAMADAN","CRAVING_SENSORY","RAPID_FIRE",60,0,0,0,0,0,0.0,"Puasa ke-15: Mee Kari. Ini cara mudah nak buat mee kari yang kuahnya pekat, rasa kick, dan perfect makan dengan mee kuning. Best buat untuk open house raya jugak nanti 🤤🤤 created by Khairulaming with Khairulaming’s original sound - Khairulaming","https://www.tiktok.com/@khairulaming/video/7482282461641100562"
166,"7481911296225545479","RESEPI_RAMADAN","CRAVING_SENSORY","RAPID_FIRE",60,0,0,0,0,0,0.0,"Puasa ke-14 : Cheesy Garlic Bread Ini roti yang kita buat dari scratch kat rumah, sangat fluffy dan penuh dengan cheese kat dalam. Bau garlic semerbak rasa macam beli kat kedai 🤤🤤 created by Khairulaming with Khairulaming’s original sound - Khairulaming","https://www.tiktok.com/@khairulaming/video/7481911296225545479"
167,"7481557259689004306","RESEPI_RAMADAN","CRAVING_SENSORY","RAPID_FIRE",60,0,0,0,0,0,0.0,"Menu kedua: Crispy Samosa Ni simple version yang buat guna roti paratha frozen je. Best makan panas-panas time moreh nanti 😁 created by Khairulaming with Khairulaming’s original sound - Khairulaming","https://www.tiktok.com/@khairulaming/video/7481557259689004306"
168,"7481511745421315336","RESEPI_RAMADAN","CRAVING_SENSORY","RAPID_FIRE",60,0,0,0,0,0,0.0,"Puasa ke-13 : Jeli Ros Laici & Strawberry Cocktail Ini dua dessert yang korang boleh buat untuk open house raya. Best makan sejuk-sejuk 🤤🤤 created by Khairulaming with Khairulaming’s original sound - Khairulaming","https://www.tiktok.com/@khairulaming/video/7481511745421315336"
169,"7481170543849278738","RESEPI_RAMADAN","CRAVING_SENSORY","RAPID_FIRE",60,0,0,0,0,0,0.0,"4 menu sahur untuk orang yang tak makan nasi di pagi hari: Warm Granola Bowl, Carbonara Pasta, Egg Wrap & Sandwich Telur  created by Khairulaming with Khairulaming’s original sound - Khairulaming","https://www.tiktok.com/@khairulaming/video/7481170543849278738"
170,"7481141489939123463","RESEPI_RAMADAN","CRAVING_SENSORY","RAPID_FIRE",60,0,0,0,0,0,0.0,"Puasa ke-12 : Ayam Goreng Sambal Kantan Ayam yang digoreng bersama dengan sambal pedas dan aroma bunga kantan yang wangi. Boleh peras limau sikit nak bagi lagi kick 😁 created by Khairulaming with Khairulaming’s original sound - Khairulaming","https://www.tiktok.com/@khairulaming/video/7481141489939123463"
171,"7481034447186332946","RESEPI_RAMADAN","CRAVING_SENSORY","RAPID_FIRE",60,0,0,0,0,0,0.0,"Besar ujian video masak tahun ni 😭 created by Khairulaming with Khairulaming’s original sound - Khairulaming","https://www.tiktok.com/@khairulaming/video/7481034447186332946"
172,"7480808151659318536","RESEPI_RAMADAN","CRAVING_SENSORY","RAPID_FIRE",60,0,0,0,0,0,0.0,"Menu kedua hari ni: Crispy Thai Pancake. Sangat senang nak buat please jangan tukar resipi 🥹🥹 created by Khairulaming with Khairulaming’s original sound - Khairulaming","https://www.tiktok.com/@khairulaming/video/7480808151659318536"
173,"7480771496906902802","RESEPI_RAMADAN","CRAVING_SENSORY","RAPID_FIRE",60,0,0,0,0,0,0.0,"Puasa ke-11 : Kek Pisang Chocolate Chip Sangat moist kat dalam, dipenuhi dengan aroma pisang bersama dengan melted chocolate chip. Hidang dengan custard sauce and best makan panas-panas atau sejuk 🥹🤤 created by Khairulaming with Khairulaming’s original sound - Khairulaming","https://www.tiktok.com/@khairulaming/video/7480771496906902802"
174,"7480429148410760466","RESEPI_RAMADAN","CRAVING_SENSORY","RAPID_FIRE",60,0,0,0,0,0,0.0,"Puasa ke-10: Fruitade Lemonade & Creamy Zappel. Rasa fresh citrus dan juga creamy susu dan apple sangat sesuai nak hidang berbuka atau open house raya nanti 🤤🤤 created by Khairulaming with Khairulaming’s original sound - Khairulaming","https://www.tiktok.com/@khairulaming/video/7480429148410760466"
175,"7480398655820795144","RESEPI_RAMADAN","CRAVING_SENSORY","RAPID_FIRE",60,0,0,0,0,0,0.0,"Puasa ke-10: Sambal Taun. Makanan orang jawa yang sangat pedas and sangat simple nak buat. Rasa kuah lemak pekat tu seriously sedap 😭 created by Khairulaming with Khairulaming’s original sound - Khairulaming","https://www.tiktok.com/@khairulaming/video/7480398655820795144"
176,"7480080996398828807","RESEPI_RAMADAN","CRAVING_SENSORY","RAPID_FIRE",60,0,0,0,0,0,0.0,"Siapa kat sini peminat tempe? Jom kita buat Tempe Goreng Crispy. Sedap cicah dengan sambal kicap pedas 😁 created by Khairulaming with Khairulaming’s original sound - Khairulaming","https://www.tiktok.com/@khairulaming/video/7480080996398828807"
177,"7480028472539221266","RESEPI_RAMADAN","CRAVING_SENSORY","RAPID_FIRE",60,0,0,0,0,0,0.0,"Puasa ke-9 : Ayam Goreng Pandan. Ayam yang digoreng dengan aroma wangi pandan dan dicicah dengan sos yang masam-masam pedasss memang besttt 🤤🤤🤤 created by Khairulaming with Khairulaming’s original sound - Khairulaming","https://www.tiktok.com/@khairulaming/video/7480028472539221266"
178,"7479685868198939911","RESEPI_RAMADAN","CRAVING_SENSORY","RAPID_FIRE",60,0,0,0,0,0,0.0,"Menu kedua hari ni : Watermelon Lychee Crush & Orange Lemon Tea. Sangat menyejukkan tekak di bulan puasa ni korang kena cuba 🥹🥹 created by Khairulaming with Khairulaming’s original sound - Khairulaming","https://www.tiktok.com/@khairulaming/video/7479685868198939911"
179,"7479656713285569800","RESEPI_RAMADAN","CRAVING_SENSORY","RAPID_FIRE",60,0,0,0,0,0,0.0,"Puasa ke-8 : Kuey Teow Goreng Kerang  Senang nak buat and best makan panas-panas dengan cili potong & telur mata 🤤 created by Khairulaming with Khairulaming’s original sound - Khairulaming","https://www.tiktok.com/@khairulaming/video/7479656713285569800"
180,"7479285273063427336","RESEPI_RAMADAN","CRAVING_SENSORY","RAPID_FIRE",60,0,0,0,0,0,0.0,"Puasa ke-7 : Roti Khurasan Dia macam burger yang dibalut dengan kulit popia. Crispy kat luar, padat dengan inti kat dalam. Sedappp 🤤 created by Khairulaming with Khairulaming’s original sound - Khairulaming","https://www.tiktok.com/@khairulaming/video/7479285273063427336"
181,"7478957211260144914","RESEPI_RAMADAN","CRAVING_SENSORY","RAPID_FIRE",60,0,0,0,0,0,0.0,"Menu kedua hari ni : Yogurt Fruit Cocktail dan Orange Apple Asam Boi. Sangat sesuai minum sejuk-sejuk untuk buka puasa atau open house raya 🤤🤤 created by Khairulaming with Khairulaming’s original sound - Khairulaming","https://www.tiktok.com/@khairulaming/video/7478957211260144914"
182,"7478912764619115783","RESEPI_RAMADAN","CRAVING_SENSORY","RAPID_FIRE",60,0,0,0,0,0,0.0,"Puasa ke-6: Ayam Kukus Sambal Embe Ayam yang dikukus, dicarikkan, dan ditambah dengan sambal garing bersama dengan perahan limau 🤤 created by Khairulaming with Khairulaming’s original sound - Khairulaming","https://www.tiktok.com/@khairulaming/video/7478912764619115783"
183,"7478675498558704914","BEHIND_THE_SCENES_BISNES","CRAVING_SENSORY","RAPID_FIRE",60,0,0,0,0,0,0.0,"Oman Ep 2. The actions in this video are performed and supervised by professionals only. Do not attempt created by Khairulaming with Khairulaming’s original sound - Khairulaming","https://www.tiktok.com/@khairulaming/video/7478675498558704914"
184,"7478580043820616967","RESEPI_RAMADAN","CRAVING_SENSORY","RAPID_FIRE",60,0,0,0,0,0,0.0,"Menu kedua hari ni: Smash Burger Tacos. Guna sos yang kita buat chicken tenders hari tu. Sangatlah sedapp 🤤🤤🥹🥹 created by Khairulaming with Khairulaming’s original sound - Khairulaming","https://www.tiktok.com/@khairulaming/video/7478580043820616967"
185,"7478542516279610642","RESEPI_RAMADAN","CRAVING_SENSORY","RAPID_FIRE",60,0,0,0,0,0,0.0,"Puasa ke-5 : Pandan Burnt Cheesecake Bakar guna air fryer je. Best makan sejuk-sejuk and kat dalam dia masih lagi moist 🤤 created by Khairulaming with Khairulaming’s original sound - Khairulaming","https://www.tiktok.com/@khairulaming/video/7478542516279610642"
186,"7478232055323692306","RESEPI_RAMADAN","CRAVING_SENSORY","RAPID_FIRE",60,0,0,0,0,0,0.0,"Menu ketiga hari ni: Ini cara nak buat Strawberry Colada & Asam Boi Soda kat rumah. Rasa fresh and sedap memang lega tekak bila berbuka nanti 😁😁 created by Khairulaming with Khairulaming’s original sound - Khairulaming","https://www.tiktok.com/@khairulaming/video/7478232055323692306"
187,"7478200055418162439","RESEPI_RAMADAN","CRAVING_SENSORY","RAPID_FIRE",60,0,0,0,0,0,0.0,"Menu kedua hari ni: Megi Goreng Basah Extra Pedas 🔥🔥 created by Khairulaming with Khairulaming’s original sound - Khairulaming","https://www.tiktok.com/@khairulaming/video/7478200055418162439"
188,"7478170848759696648","RESEPI_RAMADAN","CRAVING_SENSORY","RAPID_FIRE",60,0,0,0,0,0,0.0,"Puasa ke-4 : Sup Ikan dan Sup Ayam Siam Ada beberapa jenis rempah sup yang kita boleh gabung and dapatkan sup yang rasa kick, pedas and sedap makan dengan nasi putih dan telur dadar 😁 created by Khairulaming with Khairulaming’s original sound - Khairulaming","https://www.tiktok.com/@khairulaming/video/7478170848759696648"
189,"7477860774468193554","RESEPI_RAMADAN","CRAVING_SENSORY","RAPID_FIRE",60,0,0,0,0,0,0.0,"Menu ketiga hari ni: Air Keladi Float dan Air Jagung Float. Kalau pergi bazar confirm beli ni 🤤🤤🤤 created by Khairulaming with Khairulaming’s original sound - Khairulaming","https://www.tiktok.com/@khairulaming/video/7477860774468193554"
190,"7477829809536535826","RESEPI_RAMADAN","CRAVING_SENSORY","RAPID_FIRE",60,0,0,0,0,0,0.0,"Menu kedua hari ni: Hot Chicken Tenders with Creamy White Sauce 🔥 created by Khairulaming with Khairulaming’s original sound - Khairulaming","https://www.tiktok.com/@khairulaming/video/7477829809536535826"
191,"7477798778829851912","RESEPI_RAMADAN","CRAVING_SENSORY","RAPID_FIRE",60,0,0,0,0,0,0.0,"Puasa ke-3 : Asam Pedas Ayam Kuah pekat, masam-masam pedas, memang kick makan dengan nasi putih 🤤 created by Khairulaming with Khairulaming’s original sound - Khairulaming","https://www.tiktok.com/@khairulaming/video/7477798778829851912"
192,"7477469979659570440","RESEPI_RAMADAN","CRAVING_SENSORY","RAPID_FIRE",60,0,0,0,0,0,0.0,"Thai Green Tea dan Thai Tea. Rasa macam tengah travel hatyai la pulak 🤣🤣 created by Khairulaming with Khairulaming’s original sound - Khairulaming","https://www.tiktok.com/@khairulaming/video/7477469979659570440"
193,"7477428153808325906","RESEPI_RAMADAN","CRAVING_SENSORY","RAPID_FIRE",60,0,0,0,0,0,0.0,"Puasa ke-2 : Nasi Lemak Basmathi bersama dengan Ayam Goreng Berempah 🤤🤤🤤😁 created by Khairulaming with Khairulaming’s original sound - Khairulaming","https://www.tiktok.com/@khairulaming/video/7477428153808325906"
194,"7477102736308227336","RESEPI_RAMADAN","CRAVING_SENSORY","RAPID_FIRE",60,0,0,0,0,0,0.0,"Selepas 8 tahun buat video masak kat dapur, kita dapat jemputan untuk buat video di negara orang. Ini episode pertama Oman, di mana KA dapat full sponsorship daripada Oman tourism untuk buat travel series kat sana. Shooting guna 3 phone dan 1 drone, Ini akan jadi direction baru content KA selain daripada content memasak. Hope you guys enjoy it 🙏🏻🙏🏻 created by Khairulaming with Khairulaming’s original sound - Khairulaming","https://www.tiktok.com/@khairulaming/video/7477102736308227336"
195,"7477057275442564359","RESEPI_RAMADAN","CRAVING_SENSORY","RAPID_FIRE",60,0,0,0,0,0,0.0,"4 menu air berbuka: Vanila Sarsi, Teh Bunga Zapple, Vitagen Longan dan Kopi Santan Vietnam. Selamat berbukaaa 😁 created by Khairulaming with Khairulaming’s original sound - Khairulaming","https://www.tiktok.com/@khairulaming/video/7477057275442564359"
196,"7476807227114835218","RESEPI_RAMADAN","CRAVING_SENSORY","RAPID_FIRE",60,0,0,0,0,0,0.0,"6 menu sahur: Ikan Kembung Goreng Cili Padi, Telur Bungkus, Ayam Masak Kicap, Nasi Goreng Butter, Ayam Paprik & Telur Dadar Sardin Selamat bersahur guysss 😁 created by Khairulaming with Khairulaming’s original sound - Khairulaming","https://www.tiktok.com/@khairulaming/video/7476807227114835218"
197,"7476722304509119762","RESEPI_RAMADAN","CRAVING_SENSORY","RAPID_FIRE",60,0,0,0,0,0,0.0,"Sampul raya KA dah siappp. Korang boleh dapatkan dengan combo dalam bag kuning di bawah. Selamat berpuasa dan selamat hari raya guys! 😁 created by Khairulaming with Khairulaming’s original sound - Khairulaming","https://www.tiktok.com/@khairulaming/video/7476722304509119762"
198,"7474955026394336530","RESEPI_RAMADAN","CRAVING_SENSORY","RAPID_FIRE",60,0,0,0,0,0,0.0,"Hey what’s up guyssss. Weekend ni kita akan start berpuasa dan tahun ni KA sediakan 30 Hari 60 Resipi, Livestream Bazar Ramadan dan 8 episod Oman travel series. Selamat datang ke tahun ke-lapan 🌙 created by Khairulaming with Khairulaming’s original sound - Khairulaming","https://www.tiktok.com/@khairulaming/video/7474955026394336530"
199,"7467162327079488776","RESEPI_RAMADAN","CRAVING_SENSORY","RAPID_FIRE",60,0,0,0,0,0,0.0,"Nak jadi Mentee KA? Jom join Creator Idol 2025! 😁 Ini adalah program baru di mana korang boleh belajar dari mentor yang berpengalaman, asah bakat anda & jana pendapatan di TikTokShopMY! Kita akan coaching anda A-Z 🔥 Cara sertai: 🎬 STEP 1 : Muat naik video 1 minit di TikTok & beritahu kenapa ANDA layak dipilih – gunakan hashtag #TikTokShopCreatorIdol2025 #TikTokShopMY 📲 STEP 2 : Daftar melalui TikTok Creator Center – klik banner Creator Idol! ⏳ STEP 3 : Daftar sebelum 10 Februari! Jika anda terpilih, Creator Manager TikTokShop akan hubungi anda! Jangan lepaskan peluang mentorship eksklusif ini!  #TikTokShopCreatorIdol2025 #TikTokShopMY_ created by Khairulaming with Khairulaming’s original sound - Khairulaming","https://www.tiktok.com/@khairulaming/video/7467162327079488776"
200,"7466707194323537159","RESEPI_RAMADAN","CRAVING_SENSORY","RAPID_FIRE",60,0,0,0,0,0,0.0,"Puasa dah nak dekat! Korang dah boleh restock Sambal Nyet dekat bag kuning ni okeh 😁 created by Khairulaming with Khairulaming’s original sound - Khairulaming","https://www.tiktok.com/@khairulaming/video/7466707194323537159"
201,"7457752066912423175","RESEPI_RAMADAN","CRAVING_SENSORY","RAPID_FIRE",60,0,0,0,0,0,0.0,"Puasa dah nak dekat. Dah boleh restock untuk sahur nanti. Bangun tidur terus boleh makan dengan nasi putih dan telur mata 😁😁 created by Khairulaming with Khairulaming’s original sound - Khairulaming","https://www.tiktok.com/@khairulaming/video/7457752066912423175"
202,"7450046306518682887","RESEPI_RAMADAN","CRAVING_SENSORY","RAPID_FIRE",60,0,0,0,0,0,0.0,"Ini SOP yang kita guna untuk hantar bantuan kepada 60,000 mangsa banjir di Kelantan. Diharapkan SOP ni boleh dijadikan reference kalau banjir terjadi lagi sekali.  Terima kasih kepada semua orang baik yang derma barang, volunteer di pusat bantuan, volunteer hantar barang kepada mangsa dan juga pihak berkuasa yang bantu kita sepanjang tempoh bantuan ni. Semoga anda semua dimurahkan rezeki created by Khairulaming with Khairulaming’s original sound - Khairulaming","https://www.tiktok.com/@khairulaming/video/7450046306518682887"
203,"7444985018276924690","RESEPI_RAMADAN","CRAVING_SENSORY","RAPID_FIRE",60,0,0,0,0,0,0.0,"Selamat tinggal semua 🥺  created by Khairulaming with Nashrul Sekon’s original sound - Nashrul Sekon","https://www.tiktok.com/@khairulaming/video/7444985018276924690"
204,"7444008911667072263","RESEPI_RAMADAN","CRAVING_SENSORY","RAPID_FIRE",60,0,0,0,0,0,0.0,"Tengoklah betapa baiknya orang kita. Terima kasih semua created by Khairulaming with Khairulaming’s original sound - Khairulaming","https://www.tiktok.com/@khairulaming/video/7444008911667072263"
205,"7443693461510950152","BEHIND_THE_SCENES_BISNES","CRAVING_SENSORY","RAPID_FIRE",60,0,0,0,0,0,0.0,"Bantuan untuk 7,000 mangsa kritikal di PPS SK Pengakalan Kubor 2 dah siap. Angkatan Pertahanan Awam Malaysia datang dengan 2 lori besar untuk bawa bantuan ni ke sana. Help is on the way. Terima kasih semua created by Khairulaming with Khairulaming’s original sound - Khairulaming","https://www.tiktok.com/@khairulaming/video/7443693461510950152"
206,"7443603109735140616","RESEPI_RAMADAN","CRAVING_SENSORY","RAPID_FIRE",60,0,0,0,0,0,0.0,"Sebelum ni 6pm baru boleh deliver bantuan banjir. Sekarang 1pm dah boleh deliver menggunakan SOP baru. Kita berjaya deliver ke 17 tempat kritikal dan bantu 7,200 mangsa. Terima kasih semua orang baik created by Khairulaming with Khairulaming’s original sound - Khairulaming","https://www.tiktok.com/@khairulaming/video/7443603109735140616"
207,"7443146933692042514","RESEPI_RAMADAN","CRAVING_SENSORY","RAPID_FIRE",60,0,0,0,0,0,0.0,"Mohon sebarkan. Plan bantuan banjir Ahad 1 Dec created by Khairulaming with Khairulaming’s original sound - Khairulaming","https://www.tiktok.com/@khairulaming/video/7443146933692042514"
208,"7442930263631383815","RESEPI_RAMADAN","CRAVING_SENSORY","RAPID_FIRE",60,0,0,0,0,0,0.0,"Semalam dalam masa 2 jam kita berjaya kumpul bantuan untuk 2,000 mangsa banjir kat Pasir Mas. Terima kasih kepada semua volunteers yang datang derma barang keperluan. Kita supply ke dua buah sekolah. Ada nasi, pakaian, pad, ubat, diapers, makanan kucing, selimut & macam-macam lagi. Hari ni kita akan go bigger. Kilang KA akan bawa beribu dendeng yang dah retort, and kita juga akan sediakan nasi dan barang keperluan penuh satu lori besar untuk hari ini. Volunteers jemput datang untuk sumbang tenaga dan barang keperluan. Details ada kat tweet di bawah. Thank you guyss! created by Khairulaming with Khairulaming’s original sound - Khairulaming","https://www.tiktok.com/@khairulaming/video/7442930263631383815"
209,"7442377696191057170","RESEPI_RAMADAN","CRAVING_SENSORY","RAPID_FIRE",60,0,0,0,0,0,0.0,"Harap semua mangsa banjir selamat. Sama-sama kita doa harap banjir cepat surut nanti 🤲 created by Khairulaming with Khairulaming’s original sound - Khairulaming","https://www.tiktok.com/@khairulaming/video/7442377696191057170"
210,"7440088834961870087","RESEPI_RAMADAN","CRAVING_SENSORY","RAPID_FIRE",60,0,0,0,0,0,0.0,"100 hari lagi nak puasa!! 🥹🥹 created by Khairulaming with Uji Rashid & Hail Amir’s Seloka Hari Raya","https://www.tiktok.com/@khairulaming/video/7440088834961870087"
211,"7439268274094738695","RESEPI_RAMADAN","CRAVING_SENSORY","RAPID_FIRE",60,0,0,0,0,0,0.0,"Alhamdulillah Dendeng dan Sambal Nyet kini disahkan HALAL oleh JAKIM. Bermula dengan kilang dari zero, kita bina sedikit demi sedikit sehingga dapat pengiktirafan. So far kita dah dapat sijil MESTI dan HALAL, doakan kita boleh apply untuk HACCP juga untuk kilang kat Kelantan 🙏🏻 created by Khairulaming with Khairulaming’s original sound - Khairulaming","https://www.tiktok.com/@khairulaming/video/7439268274094738695"
212,"7436356879942503687","RESEPI_RAMADAN","CRAVING_SENSORY","RAPID_FIRE",60,0,0,0,0,0,0.0,"Salam dari China with @Pinn Yang 🇨🇳 Semalam kitaorang all out kempen 11.11 and alhamdulillah KA dapat achieve RM1 juta sales and Pin Yang also dapat buat RM1 juta. Tidur 2 jam and terus pergi airport fly ke Shanghai 🥹Kitaorang datang sini nak belajar pasal e-commerce livestream kat China and kita akan  bawak balik sebanyak mungkin ilmu untuk share dengan SME sellers kat Malaysia. Stay tuned guys 🙌🏻 created by Khairulaming with Khairulaming’s original sound - Khairulaming","https://www.tiktok.com/@khairulaming/video/7436356879942503687"
213,"7435479521593265426","RESEPI_RAMADAN","CRAVING_SENSORY","RAPID_FIRE",60,0,0,0,0,0,0.0,"Doakan semuanya berjalan lancar. Semoga kita boleh naikkan produk lokal tempatan ke level yang lagi tinggi. Jumpa korang malam ni! 🥹  created by Khairulaming with Khairulaming’s original sound - Khairulaming","https://www.tiktok.com/@khairulaming/video/7435479521593265426"
214,"7434518380696079634","RESEPI_RAMADAN","CRAVING_SENSORY","RAPID_FIRE",60,0,0,0,0,0,0.0,"Komen korang berniaga apa dan boleh isi borang di profile KA 😁 created by Khairulaming with Khairulaming’s original sound - Khairulaming","https://www.tiktok.com/@khairulaming/video/7434518380696079634"
215,"7431060268559404306","RESEPI_RAMADAN","CRAVING_SENSORY","RAPID_FIRE",60,0,0,0,0,0,0.0,"My friend dah tak sabar nak sambut Deepavali so kita masakkan dia Ulundu Vadai, Masala Tea and Koli Curry. Rasa happy jap Vinoothene approve aku masak hahaha. Selamat balik kampung guyss and have a great celebration with your family. Happy Deepavali!! 🥳🥳 created by Khairulaming with Khairulaming’s original sound - Khairulaming","https://www.tiktok.com/@khairulaming/video/7431060268559404306"
216,"7429280561463659784","RESEPI_RAMADAN","CRAVING_SENSORY","RAPID_FIRE",60,0,0,0,0,0,0.0,"Hasil daripada video New Zealand, kita dijemput Oman Tourism untuk explore Oman selama 8 hari 7 malam. Tourism diaorang bagi semua benda 5 star, mintak la apa pun semua diaorang bagi 😭 Berbekalkan dengan 8 biji camera, 7 hari shooting, 3 team members, Oman series ni hopefully akan jadi lagi besar dari New Zealand series. Stay tuned untuk 7 episod nanti  created by Khairulaming with Khairulaming’s original sound - Khairulaming","https://www.tiktok.com/@khairulaming/video/7429280561463659784"
217,"7426245242040388872","RESEPI_RAMADAN","CRAVING_SENSORY","RAPID_FIRE",60,0,0,0,0,0,0.0,"Sedapnya makan tengah malam 🤤 Boleh tekan bag kuning untuk dapatkan Dendeng Nyet & Sambal Nyet Berapi  created by Khairulaming with Khairulaming’s original sound - Khairulaming","https://www.tiktok.com/@khairulaming/video/7426245242040388872"
218,"7421841888740707592","RESEPI_RAMADAN","CRAVING_SENSORY","RAPID_FIRE",60,0,0,0,0,0,0.0,"Apa benda random yang korang pernah jumpa masa travel tapi masih ingat sampai sekarang? created by Khairulaming with Khairulaming’s original sound - Khairulaming","https://www.tiktok.com/@khairulaming/video/7421841888740707592"
219,"7415074783014145287","RESEPI_RAMADAN","CRAVING_SENSORY","RAPID_FIRE",60,0,0,0,0,0,0.0,"Semoga kita semua dapat peluang untuk menziarahi Madinah, kota Rasulullah SAW. Salam Maulidur Rasul ✨🌙 created by Khairulaming with Khairulaming’s original sound - Khairulaming","https://www.tiktok.com/@khairulaming/video/7415074783014145287"
220,"7418439674999360786","RESEPI_RAMADAN","CRAVING_SENSORY","RAPID_FIRE",0,3300000,266900,4474,2139,4495,8.83,"Pening dengan kawan-kawan tapi syukur dapat circle yang masuk air macam ni. Love you guys ❤️🥹","https://www.tiktok.com/@khairulaming/video/7418439674999360786"
221,"7416270227048025362","RESEPI_RAMADAN","CRAVING_SENSORY","RAPID_FIRE",0,1500000,108100,1509,2030,2890,8.03,"Kita baru terima surat penghargaan rasmi daripada Perdana Menteri New Zealand di Wellington. Doakan agar kami dapat teruskan buat content yang harumkan nama Malaysia di mata dunia ❤️🇲🇾","https://www.tiktok.com/@khairulaming/video/7416270227048025362"
222,"7414484985349950728","RESEPI_RAMADAN","CRAVING_SENSORY","RAPID_FIRE",60,0,0,0,0,0,0.0,"Menitik air mata bila edit video ni. Jangan biarkan sesiapa pecahkan perpaduan negara kita. Sama-sama kita pelihara, jaga dan bangga dengan tanah air kita. Selamat Hari Malaysia, negaraku yang tercinta 🇲🇾 created by Khairulaming with Khairulaming’s original sound - Khairulaming","https://www.tiktok.com/@khairulaming/video/7414484985349950728"
223,"7413600977242131719","RESEPI_RAMADAN","CRAVING_SENSORY","RAPID_FIRE",60,0,0,0,0,0,0.0,"Kita tutup kilang selama 5 hari untuk bawa kesemua 100 staff Khairulaming bercuti di Penang Semua staff dapat hotel 5 star bilik seaview, duit poket untuk shopping, main escape park, parasailing, banana boat, jetski, explore bandar georgetown, makan nasi kandar, grand dinner dan macam-macam lagi. Yang penting semua staff dapat berehat and bercuti dgn happy 😁❤️ created by Khairulaming with Khairulaming’s original sound - Khairulaming","https://www.tiktok.com/@khairulaming/video/7413600977242131719"
224,"7411889895112740104","RESEPI_RAMADAN","CRAVING_SENSORY","RAPID_FIRE",60,0,0,0,0,0,0.0,"KA dan Pin Yang akan bergabung untuk jual produk lokal tempatan anak Malaysia. Jangan lupa join livestream kita 9 September, Isnin, jam 9 malam okeh!! 😁😁 Support Jom Lokal di TikTokShop!  created by Khairulaming with Khairulaming’s original sound - Khairulaming","https://www.tiktok.com/@khairulaming/video/7411889895112740104"
225,"7410291572601818376","RESEPI_RAMADAN","CRAVING_SENSORY","RAPID_FIRE",60,0,0,0,0,0,0.0,"Hari ni Khairulaming dan Perdana Menteri New Zealand berjumpa sebagai tanda penghargaan dari pihak New Zealand untuk video masak yang kita buat dekat sana 🥹 created by Khairulaming with Khairulaming’s original sound - Khairulaming","https://www.tiktok.com/@khairulaming/video/7410291572601818376"
226,"7409613817564499216","RESEPI_RAMADAN","CRAVING_SENSORY","RAPID_FIRE",60,0,0,0,0,0,0.0,"I hope one day korang juga boleh sampai ke tempat ni. Ini salah satu tempat paling cantik aku pernah pergi dalam hidup  created by Khairulaming with Khairulaming’s original sound - Khairulaming","https://www.tiktok.com/@khairulaming/video/7409613817564499216"
227,"7405085691333463297","RESEPI_RAMADAN","CRAVING_SENSORY","RAPID_FIRE",60,0,0,0,0,0,0.0,"Let me know kalau korang suka series resipi sihat yang macam ni. Ayuh kita sama-sama fit di pagi raya tahun depan okeh 🤣 created by Khairulaming with Khairulaming’s original sound - Khairulaming","https://www.tiktok.com/@khairulaming/video/7405085691333463297"
228,"7403178476150328593","RESEPI_RAMADAN","CRAVING_SENSORY","RAPID_FIRE",60,0,0,0,0,0,0.0,"Menu bujang paling senang boleh buat dekat rumah. Best bila combine Dendeng dengan Sambal Nyet ni, lagi kick rasa dia 🤩 #makanlokal  created by Khairulaming with Khairulaming’s original sound - Khairulaming","https://www.tiktok.com/@khairulaming/video/7403178476150328593"
229,"7402960435814599952","RESEPI_RAMADAN","CRAVING_SENSORY","RAPID_FIRE",60,0,0,0,0,0,0.0,"Fitnah dah makin berleluasa. Please tolong report scammer yang salah guna muka dan suara orang untuk menipu orang ramai. KA tak jual barang2 selain dari Sambal Nyet dan Dendeng Nyet sahaja created by Khairulaming with Khairulaming’s original sound - Khairulaming","https://www.tiktok.com/@khairulaming/video/7402960435814599952"
230,"7401865672415857921","RESEPI_RAMADAN","CRAVING_SENSORY","RAPID_FIRE",60,0,0,0,0,0,0.0,"Get ready for TikTok Awards 2024 🍉🍉 #TikTokAwardsMY2024 #ImpianMuTikTokAwards  created by Khairulaming with Khairulaming’s original sound - Khairulaming","https://www.tiktok.com/@khairulaming/video/7401865672415857921"
231,"7401095688030899473","RESEPI_RAMADAN","CRAVING_SENSORY","RAPID_FIRE",60,0,0,0,0,0,0.0,"Sejujurnya ni antara video paling happy dapat buat selama 7 tahun ni. Dapat peluang masak kat tengah ladang buah di New Zealand sambil buat kawan dari serata dunia. From “buat video masak dalam rumah sewa sorang2” to this 🥹  created by Khairulaming with Khairulaming’s original sound - Khairulaming","https://www.tiktok.com/@khairulaming/video/7401095688030899473"
232,"7398148910016892177","RESEPI_RAMADAN","CRAVING_SENSORY","RAPID_FIRE",60,0,0,0,0,0,0.0,"Ini episode ke-2 trip ke New Zealand. Kali ni hujan berterusan di NZ tapi kita continue shooting dalam basah. Bermula dengan masak nasi lemak, hot chocolate & blueberry ice cream, kemudian naik feri tengok air terjun, lepak tepi sungai dan lari tengah padang. NZ ni hujan pun lawa 🥹 created by Khairulaming with Khairulaming’s original sound - Khairulaming","https://www.tiktok.com/@khairulaming/video/7398148910016892177"
233,"7395779265796508944","BEHIND_THE_SCENES_BISNES","CRAVING_SENSORY","RAPID_FIRE",60,0,0,0,0,0,0.0,"Alhamdulillah KA dipilih sebagai juri rasmi untuk TikTok Awards 2024. Nantikan siapakah calon-calon yang akan menang title pilihan juri dan juga undian ramai nanti. All the best to all nominees! #ImpianMuTikTokAwards #TikTokAwardsMY2024 @TikTok Malaysia  created by Khairulaming with The Beatles’s Hey Jude","https://www.tiktok.com/@khairulaming/video/7395779265796508944"
234,"7386482448206400786","RESEPI_RAMADAN","CRAVING_SENSORY","RAPID_FIRE",60,0,0,0,0,0,0.0,"Tekan bag kuning untuk tengok restock Dendeng Nyet. Kali ni kita dah naikkan sikit pedas dan kurangkan manis. Boleh makan dengan nasi putih panas-panas 🤤🤤🤤  created by Khairulaming with Khairulaming’s original sound - Khairulaming","https://www.tiktok.com/@khairulaming/video/7386482448206400786"
235,"7385525098943466759","RESEPI_RAMADAN","CRAVING_SENSORY","RAPID_FIRE",60,0,0,0,0,0,0.0,"Kalau korang nak cari nasi berlauk malam, boleh datang sini 👌🏻 Min nak tolong viralkan kedai peniaga kecil secara percuma. Dah mintak izin owner untuk viralkan and dia dah tambah staff and 150kg ikan untuk esok 😁 📍Waze : Nasi Berlauk Malam Sudin Kubis (Buka setiap hari kecuali jumaat, jam 4.30pm-12malam) created by Khairulaming with Khairulaming’s original sound - Khairulaming","https://www.tiktok.com/@khairulaming/video/7385525098943466759"
236,"7402218181978230033","RESEPI_RAMADAN","CRAVING_SENSORY","RAPID_FIRE",0,1400000,91800,876,583,1783,7.04,"Di mana sahaja kita berada, jangan lupakan saudara kita di sana  Outfit : Vestio Bespoke Photo 📸 : @Zulhelmey Isnin ","https://www.tiktok.com/@khairulaming/video/7402218181978230033"
237,"7382462369068338448","RESEPI_RAMADAN","CRAVING_SENSORY","RAPID_FIRE",60,0,0,0,0,0,0.0,"40,000 paket Dendeng Nyet akan kita restock esok malam. Jangan lupa ajak family dan kawan-kawan untuk join nanti 😄 created by Khairulaming with Khairulaming’s original sound - Khairulaming","https://www.tiktok.com/@khairulaming/video/7382462369068338448"
238,"7379955549590359312","RESEPI_RAMADAN","CRAVING_SENSORY","RAPID_FIRE",60,0,0,0,0,0,0.0,"Menu hari raya haji : Sup Daging Thai  Rasa dia ibarat kahwinkan singgang daging dengan tomyam. Senang sangat nak buat guna daging korban nanti 😚 created by Khairulaming with Khairulaming’s original sound - Khairulaming","https://www.tiktok.com/@khairulaming/video/7379955549590359312"
239,"7360246160981806352","RESEPI_RAMADAN","CRAVING_SENSORY","RAPID_FIRE",60,0,0,0,0,0,0.0,"Boleh tekan bag kuning kalau ada stock. Terima kasih kepada semua yang dah support Dendeng Nyet Berapi 🥹. Kita akan cuba tambahkan stock sebanyak yang boleh untuk memudahkan orang ramai membeli. Selamat menjamu selera! 🫶🏻 #KongsiSelera #KongsiBersama   created by Khairulaming with Khairulaming’s original sound - Khairulaming","https://www.tiktok.com/@khairulaming/video/7360246160981806352"
240,"7356194601176255760","RESEPI_RAMADAN","CRAVING_SENSORY","RAPID_FIRE",60,0,0,0,0,0,0.0,"Sebab tu la aku single lagi. Nak layan 3 ketul ni pun dah penat 😭 #raya2024 #raya #KongsiBersama #KongsiSelera  created by Khairulaming with Khairulaming’s original sound - Khairulaming","https://www.tiktok.com/@khairulaming/video/7356194601176255760"
241,"7355838600245693712","RESEPI_RAMADAN","CRAVING_SENSORY","RAPID_FIRE",60,0,0,0,0,0,0.0,"Esok rayaaaa! Sebab taknak kalut last minute, semalam kita terus masak rendang, soto ayam and ayam kicap pedas. Bekukan and nanti panaskan balik je 🤣 Selamat hari raya guys! #KongsiBersama #KongsiSelera #IftarwithKhairulaming  #raya  created by Khairulaming with Khairulaming’s original sound - Khairulaming","https://www.tiktok.com/@khairulaming/video/7355838600245693712"
242,"7355374964934970625","RESEPI_RAMADAN","CRAVING_SENSORY","RAPID_FIRE",60,0,0,0,0,0,0.0,"Puasa ke-28 : Puding Sumi. Boleh buat dessert simple ni time open house raya nanti. Sedap makan sejuk-sejuk 🤤 #KongsiBersama #KongsiSelera #IftarwithKhairulaming  created by Khairulaming with Khairulaming’s original sound - Khairulaming","https://www.tiktok.com/@khairulaming/video/7355374964934970625"
243,"7354987838686989585","RESEPI_RAMADAN","CRAVING_SENSORY","RAPID_FIRE",60,0,0,0,0,0,0.0,"Puasa ke-27 : Nasi Minyak, Gulai Ayam dan Acar. Boleh buat menu ni untuk open house raya nanti. Nasi minyak ni nak makan dengan ayam masak merah pun boleh jugak 😁 #KongsiBersama #KongsiSelera #IftarwithKhairulaming  created by Khairulaming with Khairulaming’s original sound - Khairulaming","https://www.tiktok.com/@khairulaming/video/7354987838686989585"
244,"7354620897300385040","RESEPI_RAMADAN","CRAVING_SENSORY","RAPID_FIRE",60,0,0,0,0,0,0.0,"Puasa ke-26 : Soto Ayam Ini resipi yang dah include sup, begedil, nasi impit, suhun goreng, kacang, sambal kicap dan lain-lain toppings. Boleh buat untuk menu hari raya nanti 🥹 #KongsiBersama #KongsiSelera #IftarwithKhairulaming  created by Khairulaming with Khairulaming’s original sound - Khairulaming","https://www.tiktok.com/@khairulaming/video/7354620897300385040"
245,"7354236520867450113","RESEPI_RAMADAN","CRAVING_SENSORY","RAPID_FIRE",60,0,0,0,0,0,0.0,"Puasa ke-25 : Kek Marble. Boleh buat kek ni malam raya nanti and makan dengan family. Kat luar gebu and dalam masih moist. Senang je nak buat😁 #KongsiBersama #KongsiSelera #IftarwithKhairulaming  created by Khairulaming with Khairulaming’s original sound - Khairulaming","https://www.tiktok.com/@khairulaming/video/7354236520867450113"
246,"7353995823660797201","RESEPI_RAMADAN","CRAVING_SENSORY","RAPID_FIRE",60,0,0,0,0,0,0.0,"Siapa buat open house? Nak datang beraya ni 🥹 #KongsiBersama #KongsiSelera #IftarwithKhairulaming  created by Khairulaming with Khairulaming’s original sound - Khairulaming","https://www.tiktok.com/@khairulaming/video/7353995823660797201"
247,"7353876658681613585","RESEPI_RAMADAN","CRAVING_SENSORY","RAPID_FIRE",60,0,0,0,0,0,0.0,"Puasa ke-24 : Rendang 2 Kilo Daging. Boleh save resipi ni siap-siap and buat malam raya nanti. Perfect untuk portion 2 kilo daging. Sedap sangat makan dengan nasi impit or lemang 🥹 #KongsiBersama #KongsiSelera #IftarwithKhairulaming  created by Khairulaming with Khairulaming’s original sound - Khairulaming","https://www.tiktok.com/@khairulaming/video/7353876658681613585"
248,"7353514641684794640","RESEPI_RAMADAN","CRAVING_SENSORY","RAPID_FIRE",60,0,0,0,0,0,0.0,"Puasa ke-23 : Kerepek Popia Sira. Rasa pedas-pedas manis and rangup bila kunyah. Boleh buat dengan family untuk kuih raya nanti 😄 #KongsiBersama #KongsiSelera #IftarwithKhairulaming  created by Khairulaming with Khairulaming’s original sound - Khairulaming","https://www.tiktok.com/@khairulaming/video/7353514641684794640"
249,"7353239421971385601","RESEPI_RAMADAN","CRAVING_SENSORY","RAPID_FIRE",60,0,0,0,0,0,0.0,"Semalam kita tutup kedua-dua kilang Nyet untuk meraikan 100 orang staff. Kita bawa semua shopping baju raya, beli barang dapur untuk persiapan raya dengan family, bagi bonus duit raya dan juga buka puasa kat hotel. Lepas raya nanti kita pergi bercuti pulak 😁 #KongsiBersama #KongsiSelera #IftarwithKhairulaming  created by Khairulaming with Khairulaming’s original sound - Khairulaming","https://www.tiktok.com/@khairulaming/video/7353239421971385601"
250,"7353132018609229057","RESEPI_RAMADAN","CRAVING_SENSORY","RAPID_FIRE",60,0,0,0,0,0,0.0,"Puasa ke-22 : Puding Roti & Kuah Kastard. Ini menu yang confirm laku keras open house raya nanti. Bahan pun simple je tapi rasa sedap sangat makan untuk dessert 🤤 #KongsiSelera #KongsiBersama #IftarwithKhairulaming  created by Khairulaming with Khairulaming’s original sound - Khairulaming","https://www.tiktok.com/@khairulaming/video/7353132018609229057"
251,"7352750912860933393","RESEPI_RAMADAN","CRAVING_SENSORY","RAPID_FIRE",60,0,0,0,0,0,0.0,"Puasa ke-21 : Thai Red Ruby. Dessert ni sedap makan sejuk-sejuk dengan ais. Best buat buka puasa atau hidang open house raya nanti 🤤 #KongsiSelera #KongsiBersama #IftarwithKhairulaming  created by Khairulaming with Khairulaming’s original sound - Khairulaming","https://www.tiktok.com/@khairulaming/video/7352750912860933393"
252,"7352387572095569153","RESEPI_RAMADAN","CRAVING_SENSORY","RAPID_FIRE",60,0,0,0,0,0,0.0,"Puasa ke-20 : Cucur Udng Crispy. Sedap makan panas-panas cicah dengan sos. Boleh buat untuk moreh dengan family 😁 #KongsiSelera #KongsiBersama #IftarwithKhairulaming  created by Khairulaming with Khairulaming’s original sound - Khairulaming","https://www.tiktok.com/@khairulaming/video/7352387572095569153"
253,"7352268437218938128","RESEPI_RAMADAN","CRAVING_SENSORY","RAPID_FIRE",60,0,0,0,0,0,0.0,"Dapat scroll ke tak 🤣  created by Khairulaming with Khairulaming’s original sound - Khairulaming","https://www.tiktok.com/@khairulaming/video/7352268437218938128"
254,"7352010367502912784","RESEPI_RAMADAN","CRAVING_SENSORY","RAPID_FIRE",60,0,0,0,0,0,0.0,"Puasa ke-19 : Ayam Kung Pao & Oren Aiskrim Soda. Ayam ni sedap sangat buat sahur atau berbuka, minum sekali dengan air oren yang refreshing ni 🤤 #KongsiSelera #KongsiBersama #IftarwithKhairulaming  created by Khairulaming with Khairulaming’s original sound - Khairulaming","https://www.tiktok.com/@khairulaming/video/7352010367502912784"
255,"7351638126189612290","RESEPI_RAMADAN","CRAVING_SENSORY","RAPID_FIRE",60,0,0,0,0,0,0.0,"Puasa ke-18 : Badak Berendam. Dessert ni sesuai makan panas-panas atau boleh makan sejuk time berbuka dan moreh nanti. Sedap wooo 🤤🤤 #KongsiSelera #KongsiBersama #IftarwithKhairulaming  created by Khairulaming with Khairulaming’s original sound - Khairulaming","https://www.tiktok.com/@khairulaming/video/7351638126189612290"
256,"7351398826181152002","RESEPI_RAMADAN","CRAVING_SENSORY","RAPID_FIRE",60,0,0,0,0,0,0.0,"Alhamdulillah kita dapat Malaysia Book of Records untuk jualan satu juta ringgit terpantas di TikTokShop semasa launching Dendeng Nyet bulan lepas. This is a new milestone for me and my team. Kita takkan boleh buat semua ni tanpa sokongan daripada anda semua. Thanks guys 🙏🏻 #KongsiSelera #KongsiBersama #IftarwithKhairulaming #TikTokShopBazarRaya2024  created by Khairulaming with Khairulaming’s original sound - Khairulaming","https://www.tiktok.com/@khairulaming/video/7351398826181152002"
257,"7351268050726931713","RESEPI_RAMADAN","CRAVING_SENSORY","RAPID_FIRE",60,0,0,0,0,0,0.0,"Puasa ke-17 : Laksa Penang. Boleh buat berbuka atau open house raya nanti. Rasa pekat, masam, pedas all in one bowl 🤤 #KongsiSelera #KongsiBersama #IftarwithKhairulaming  created by Khairulaming with Khairulaming’s original sound - Khairulaming","https://www.tiktok.com/@khairulaming/video/7351268050726931713"
258,"7350899555409464578","RESEPI_RAMADAN","CRAVING_SENSORY","RAPID_FIRE",60,0,0,0,0,0,0.0,"Puasa ke-16 : Frozen Yogurt Bar. Ini dessert paling senang korang boleh buat kat rumah. Ada vibe macam makan llaollao tapi jenis cruncy sikit. Sedap makan sejuk-sejuk 🤤 #KongsiSelera #KongsiBersama #IftarwithKhairulaming  created by Khairulaming with Khairulaming’s original sound - Khairulaming","https://www.tiktok.com/@khairulaming/video/7350899555409464578"
259,"7350524839683247362","RESEPI_RAMADAN","CRAVING_SENSORY","RAPID_FIRE",60,0,0,0,0,0,0.0,"Puasa ke-15 : Ayam Ros & Kacang Buncis Goreng Telur. Menu ni sesuai sangat nak buat buka puasa atau open house raya nanti. Boleh makan dengan nasi putih atau nasi minyak 🤤 #KongsiSelera #KongsiBersama #IftarwithKhairulaming  created by Khairulaming with Khairulaming’s original sound - Khairulaming","https://www.tiktok.com/@khairulaming/video/7350524839683247362"
260,"7350153512753433857","RESEPI_RAMADAN","CRAVING_SENSORY","RAPID_FIRE",60,0,0,0,0,0,0.0,"Puasa ke-14 : Egg Drop Soup. Sedap sangat makan panas-panas untuk berbuka atau untuk sahur 🤤 #KongsiSelera #KongsiBersama #IftarwithKhairulaming  created by Khairulaming with Khairulaming’s original sound - Khairulaming","https://www.tiktok.com/@khairulaming/video/7350153512753433857"
261,"7349782530255637761","RESEPI_RAMADAN","CRAVING_SENSORY","RAPID_FIRE",60,0,0,0,0,0,0.0,"Puasa ke-13 : Crab Rangoon. Sangat sedap yee kunyah benda ni lepas moreh 😭 Rasa crispy, creamy, and sedap cicah dengan sos thai tu 🥹 #KongsiSelera #KongsiBersama #IftarwithKhairulaming  created by Khairulaming with Khairulaming’s original sound - Khairulaming","https://www.tiktok.com/@khairulaming/video/7349782530255637761"
262,"7349411474328145153","RESEPI_RAMADAN","CRAVING_SENSORY","RAPID_FIRE",60,0,0,0,0,0,0.0,"Puasa ke-12 : Gulai Ikan Kelantan. Nasi berlauk ni merupakan salah satu menu breakfast paling popular di Kelantan. Sedap sangat-sangat makan dengan nasi panas dan juga sambal belacan 🥹 #KongsiSelera #KongsiBersama #IftarwithKhairulaming  created by Khairulaming with Khairulaming’s original sound - Khairulaming","https://www.tiktok.com/@khairulaming/video/7349411474328145153"
263,"7349036282640649473","RESEPI_RAMADAN","CRAVING_SENSORY","RAPID_FIRE",60,0,0,0,0,0,0.0,"Puasa ke-11 : Ayam Goreng ala Raising Cane’s Selalu nampak orang makan ayam ni kat fyp tapi tak ada jual kat Malaysia. Sedap rupanyaa 🥹 Sesuai kalau peniaga nak jual kat food festival, pasal malam, or jual kat tepi jalan #KongsiSelera #KongsiBersama #IftarwithKhairulaming  created by Khairulaming with Khairulaming’s original sound - Khairulaming","https://www.tiktok.com/@khairulaming/video/7349036282640649473"
264,"7348669467229949186","RESEPI_RAMADAN","CRAVING_SENSORY","RAPID_FIRE",60,0,0,0,0,0,0.0,"Puasa ke-10 : Ayam Kicap Pedas, Sambal Gesek dan Telur Dadar Ini antara menu paling best boleh buat bulan puasa ni. Memang boleh kecur air liur makan berbuka nanti 🤤 #KongsiSelera #KongsiBersama #IftarwithKhairulaming  created by Khairulaming with Khairulaming’s original sound - Khairulaming","https://www.tiktok.com/@khairulaming/video/7348669467229949186"
265,"7348298876362788097","RESEPI_RAMADAN","CRAVING_SENSORY","RAPID_FIRE",60,0,0,0,0,0,0.0,"Puasa ke-9 : Buko Pandan. Rasa creamy susu dicampur dengan aroma pandan dan juga rasa fresh air kelapa. Sedap makan sejuk-sejuk sebagai dessert berbuka 🤤 #KongsiSelera #KongsiBersama #IftarwithKhairulaming  created by Khairulaming with Khairulaming’s original sound - Khairulaming","https://www.tiktok.com/@khairulaming/video/7348298876362788097"
266,"7348073040355282178","RESEPI_RAMADAN","CRAVING_SENSORY","RAPID_FIRE",60,0,0,0,0,0,0.0,"Sahur dengan Nasi Goreng Tomyam. Rasa masam, pedas, wangi serai dan daun limau memang sedap sangat makan waktu sahur. Selamat bersahur guys! 😁 #KongsiSelera #KongsiBersama #IftarwithKhairulaming  created by Khairulaming with Khairulaming’s original sound - Khairulaming","https://www.tiktok.com/@khairulaming/video/7348073040355282178"
267,"7347927071169023234","RESEPI_RAMADAN","CRAVING_SENSORY","RAPID_FIRE",60,0,0,0,0,0,0.0,"Puasa ke-8 : Ikan Bakar Guna Air Fryer. Sangatlah sedap and senang untuk buat, guna air fryer je! Rasa dia macam ikan bakar kat kedai 😭 #KongsiSelera #KongsiBersama #IftarwithKhairulaming  created by Khairulaming with Khairulaming’s original sound - Khairulaming","https://www.tiktok.com/@khairulaming/video/7347927071169023234"
268,"7347700488684473602","RESEPI_RAMADAN","CRAVING_SENSORY","RAPID_FIRE",60,0,0,0,0,0,0.0,"Masak sedap-sedap tapi portion makan kena jaga. Barulah fit di pagi syawal nanti hehe 🤣🤣 Selamat berpuasa guys! #KongsiSelera #KongsiBersama #IftarwithKhairulaming  created by Khairulaming with Khairulaming’s original sound - Khairulaming","https://www.tiktok.com/@khairulaming/video/7347700488684473602"
269,"7347554697223343361","RESEPI_RAMADAN","CRAVING_SENSORY","RAPID_FIRE",60,0,0,0,0,0,0.0,"Puasa ke-7 : Kerabu Suhun & Kerabu Bilis. Rasa masam, pedas, masin, manis memang kick boleh berair hidung bila makan 🤤 Boleh buat untuk berbuka nanti #KongsiSelera #KongsiBersama #IftarwithKhairulaming  created by Khairulaming with Khairulaming’s original sound - Khairulaming","https://www.tiktok.com/@khairulaming/video/7347554697223343361"
270,"7347185281310772482","RESEPI_RAMADAN","CRAVING_SENSORY","RAPID_FIRE",60,0,0,0,0,0,0.0,"Puasa ke-6 : Popia Carbonara. Sangatlah sedap makan time moreh, rasa popia crispy dipenuhi dengan sos carbonara yang creamy bersama dengan mozarella cheese 🤤 #KongsiSelera #KongsiBersama #IftarwithKhairulaming  created by Khairulaming with Khairulaming’s original sound - Khairulaming","https://www.tiktok.com/@khairulaming/video/7347185281310772482"
271,"7346810609096281345","RESEPI_RAMADAN","CRAVING_SENSORY","RAPID_FIRE",60,0,0,0,0,0,0.0,"Puasa ke-5 : Ayam Peratal. Kari ayam kering ni sedap sangat makan panas-panas dengan nasi putih 🤤🤤 Korang kena tryyy  #KongsiSelera #KongsiBersama #IftarwithKhairulaming  created by Khairulaming with Khairulaming’s original sound - Khairulaming","https://www.tiktok.com/@khairulaming/video/7346810609096281345"
272,"7346507846655233281","RESEPI_RAMADAN","CRAVING_SENSORY","RAPID_FIRE",60,0,0,0,0,0,0.0,"(Part 2) Puasa ke-4 : Jelly Teh Bunga & Soya Sagu Gula Melaka. Rasa dia very refreshing sejukk je lalu kat tekak 🥹🥹 Korang kena cuba buat kat rumah #IftarwithKhairulaming #KongsiSelera #KongsiBersama  created by Khairulaming with Khairulaming’s original sound - Khairulaming","https://www.tiktok.com/@khairulaming/video/7346507846655233281"
273,"7346435673978621186","RESEPI_RAMADAN","CRAVING_SENSORY","RAPID_FIRE",60,0,0,0,0,0,0.0,"Puasa ke-4 : Tiramisu. Ini versi simple yang senang nak buat dan tak pakai banyak bahan. Boleh makan sejuk-sejuk untuk dessert berbuka atau moreh nanti 🤤 #IftarwithKhairulaming #KongsiSelera #KongsiBersama  created by Khairulaming with Khairulaming’s original sound - Khairulaming","https://www.tiktok.com/@khairulaming/video/7346435673978621186"
274,"7346072198337154305","RESEPI_RAMADAN","CRAVING_SENSORY","RAPID_FIRE",60,0,0,0,0,0,0.0,"Puasa ke-3 : Paru Goreng Balado. Makan paru yang digoreng pedas ni dengan nasi putih dan kicap, perghh memang terangkat 🥹🥹 Selamat berbuka guys! #IftarwithKhairulaming #KongsiSelera #KongsiBersama  created by Khairulaming with Khairulaming’s original sound - Khairulaming","https://www.tiktok.com/@khairulaming/video/7346072198337154305"
275,"7345835589763206402","RESEPI_RAMADAN","CRAVING_SENSORY","RAPID_FIRE",60,0,0,0,0,0,0.0,"Overnight Oats ni senang sangat nak buat untuk sahur. Campur-campur, simpan dalam peti sejuk, bangun tidur nanti dah boleh makan 🤤 #IftarwithKhairulaming #KongsiSelera #KongsiBersama  created by Khairulaming with Khairulaming’s original sound - Khairulaming","https://www.tiktok.com/@khairulaming/video/7345835589763206402"
276,"7345698959563787521","RESEPI_RAMADAN","CRAVING_SENSORY","RAPID_FIRE",60,0,0,0,0,0,0.0,"Puasa Day 2 : Siakap Goreng Ala Thai. Siakap digoreng crispy dengan sos yang rasa kick, pedas, masam, dan manis bersama dengan aroma serai dan daun ketumbar. Perfect untuk masak dengan family berbuka nanti 🤤 #IftarwithKhairulaming #KongsiSelera #KongsiBersama  created by Khairulaming with Khairulaming’s original sound - Khairulaming","https://www.tiktok.com/@khairulaming/video/7345698959563787521"
277,"7345327187228118273","RESEPI_RAMADAN","CRAVING_SENSORY","RAPID_FIRE",60,0,0,0,0,0,0.0,"4 menu air berbuka : Tembikai Aiskrim Soda, Zapple Kasturi, Keladi Float & Sirap Laici Selasih. Semua sedappp, sejuk je lalu kat tekak 🤤 Selamat berbuka guys! #IftarwithKhairulaming #KongsiSelera #KongsiBersama  created by Khairulaming with Khairulaming’s original sound - Khairulaming","https://www.tiktok.com/@khairulaming/video/7345327187228118273"
278,"7345069344189107458","RESEPI_RAMADAN","CRAVING_SENSORY","RAPID_FIRE",60,0,0,0,0,0,0.0,"Menu sahur : Telur Dadar Pad Kra Pao. Mudah dan cepat nak masak untuk sahur. Makan dengan nasi putih pun dah sedap. Selamat berpuasa guysss 😁 #IftarwithKhairulaming #KongsiSelera #KongsiBersama  created by Khairulaming with Khairulaming’s original sound - Khairulaming","https://www.tiktok.com/@khairulaming/video/7345069344189107458"
279,"7344702314390752514","RESEPI_RAMADAN","CRAVING_SENSORY","RAPID_FIRE",60,0,0,0,0,0,0.0,"Ramadan dah nak tibaa 🤲🤲 30 Hari 30 Resipi akan kembali untuk tahun ke-tujuh. Jangan lupa tengok TikTok KA untuk resipi yang mudah dan best sepanjang bulan puasa ni. Selamat beribadat dan selamat memasak guys! 😊 #IftarwithKhairulaming #KongsiSelera #KongsiBersama  created by Khairulaming with Khairulaming’s original sound - Khairulaming","https://www.tiktok.com/@khairulaming/video/7344702314390752514"
280,"7344204677623614722","RESEPI_RAMADAN","CRAVING_SENSORY","RAPID_FIRE",60,0,0,0,0,0,0.0,"Jom berbuka bersama dengan KA di Putrajaya hari Sabtu ni! Korang cuma perlu buat video masak, tag KA dan masukkan hashtag #IftarwithKhairulaming #KongsiBersama dan #KongsiSelera. 50 pemenang boleh bawa +1 untuk berbuka dan 50 pemenang ni akan dapat Sambal Nyet dan juga Dendeng Nyet secara percuma. Jumpa anda di Putrajaya dan selamat berpuasa guys! 😁😁 created by Khairulaming with Khairulaming’s original sound - Khairulaming","https://www.tiktok.com/@khairulaming/video/7344204677623614722"
281,"7343502466417298689","RESEPI_RAMADAN","CRAVING_SENSORY","RAPID_FIRE",60,0,0,0,0,0,0.0,"Nak share with you guys yang KA dan Nelly dipilih menjadi duta untuk TikTokShop Ramadan 2024 ni. Thanks to TikTokShop for this oppurtunity, nanti korang jangan lupa shopping raya di TikTokShop okeh! 😁 #TikTokShop  #TikTokShopBazarRamadan2024 created by Khairulaming with Khairulaming’s original sound - Khairulaming","https://www.tiktok.com/@khairulaming/video/7343502466417298689"
282,"7342844398842973442","RESEPI_RAMADAN","CRAVING_SENSORY","RAPID_FIRE",60,0,0,0,0,0,0.0,"Seminggu lagi Ramadan akan tiba dan 30 Hari 30 Resipi akan kembali untuk tahun ke-tujuh.  Selamat berpuasa, selamat beribadat, dan selamat memasak. See you soon 🤲 #KongsiBersama #KongsiSelera #ramadan  created by Khairulaming with Khairulaming’s original sound - Khairulaming","https://www.tiktok.com/@khairulaming/video/7342844398842973442"
283,"7341252532880084226","RESEPI_RAMADAN","CRAVING_SENSORY","RAPID_FIRE",60,0,0,0,0,0,0.0,"Ini resipi Nasi Goreng Cili Kering yang sedap sangat makan panas-panas. Rasa kick belacan, cili kering, udang, memang boleh berair hidung makan 🥹 #foodtok #makanlokal #foodfestontiktok  created by Khairulaming with Khairulaming’s original sound - Khairulaming","https://www.tiktok.com/@khairulaming/video/7341252532880084226"
284,"7335702831665581313","RESEPI_RAMADAN","CRAVING_SENSORY","RAPID_FIRE",60,0,0,0,0,0,0.0,"Ini post morterm batch pertama Dendeng Nyet Berapi bermula dari launching, shipping sehingga ke feedback dari customers.  Ada 4 rekod yang kita pecahkan semasa launching tersebut dan alhamdulillah review yang kita dapat jauh lagi positive dari review Sambal Nyet semasa launching dahulu. Tapi ada juga constructive feedback yang kita dah kumpul and perlu perbaiki untuk batch dendeng yang seterusnya. Terima kepada anda semua yang menyokong Dendeng Nyet Berapi, tak lama lagi kita akan mulakan restock! 😁 created by Khairulaming with Khairulaming’s original sound - Khairulaming","https://www.tiktok.com/@khairulaming/video/7335702831665581313"
285,"7331008650384821505","BEHIND_THE_SCENES_BISNES","CRAVING_SENSORY","RAPID_FIRE",60,0,0,0,0,0,0.0,"We did it guysss. Jualan RM 1.2 juta terpantas di TikTokShop Malaysia 😭🤲. Total 80,000 unit Dendeng Nyet Berapi telah sold out dalam masa 3 minit 39 saat and i cant thank you enough for the support dari 3 tahun lepas. Terima kasih guysss 🥺🥺 created by Khairulaming with Khairulaming’s original sound - Khairulaming","https://www.tiktok.com/@khairulaming/video/7331008650384821505"
286,"7330928282046614786","RESEPI_RAMADAN","CRAVING_SENSORY","RAPID_FIRE",60,0,0,0,0,0,0.0,"Jangan lupa set LIVE reminder untuk Dendeng Nyet Berapi. Jumpa anda 9 malam ni! 🥹 #MYSuperBrandDayKhairulAming #TikTokShopSuperBrandDayMY  created by Khairulaming with Khairulaming’s original sound - Khairulaming","https://www.tiktok.com/@khairulaming/video/7330928282046614786"
287,"7330607897287609602","RESEPI_RAMADAN","CRAVING_SENSORY","RAPID_FIRE",60,0,0,0,0,0,0.0,"Sebelum launching esok, i want to share with you guys journey kita develop Dendeng Nyet Berapi dari setahun lepas. Bermula dengan R&D resipi, pembelian mesin, product design, packaging material, factory renovation, machine test run, coaching, production kickoff, photoshoot, videoshoot, live setup dan sebagainya.  Nak buat sesuatu produk memerlukan r&d yang sangat teliti untuk pastikan semua proses berjalan lancar. Thanks to my team, suppliers, vendors and everyone yang terlibat dalam produk kedua ni. We got a big day tomorrow, jumpa you guys esok! 🥹 #MYSuperBrandDayKhairulAming #TikTokShopSuperBrandDayMY  created by Khairulaming with Khairulaming’s original sound - Khairulaming","https://www.tiktok.com/@khairulaming/video/7330607897287609602"
288,"7330235179354606849","RESEPI_RAMADAN","CRAVING_SENSORY","RAPID_FIRE",60,0,0,0,0,0,0.0,"Harga dendeng, purchase limit, level kepedasan dan sebab kenapa kita pilih dendeng sebagai produk kedua ada dijelaskan dalam video ni. Jumpa anda jumaat ni! 😄 #MYSuperBrandDayKhairulAming #TikTokShopSuperBrandDayMY  created by Khairulaming with Khairulaming’s original sound - Khairulaming","https://www.tiktok.com/@khairulaming/video/7330235179354606849"
289,"7329868450283703553","RESEPI_RAMADAN","CRAVING_SENSORY","RAPID_FIRE",60,0,0,0,0,0,0.0,"Ini cara nak simpan, panaskan, dan makan Dendeng Nyet Berapi. Bulan puasa pun dah tak lama ni, jadi dendeng ni perfect untuk dijadikan lauk bersahur. 80,000 paket akan dijual pada hari Jumaat ini, jam 9 malam, live di TikTok Khairulaming 😁 #MYSuperBrandDayKhairulAming #TikTokShopSuperBrandDayMY  created by Khairulaming with Khairulaming’s original sound - Khairulaming","https://www.tiktok.com/@khairulaming/video/7329868450283703553"
290,"7329492312386456833","RESEPI_RAMADAN","CRAVING_SENSORY","RAPID_FIRE",60,0,0,0,0,0,0.0,"Produk kedua Khairulaming akan dijual secara live pada hari Jumaat (2 Feb) ini pada jam 9 malam eksklusif di TikTok Khairulaming.  Kita telah ambil masa setahun untuk R&D produk kedua ini dan telah memakan modal lebih dari 2 juta ringgit untuk persiapan mesin dan renovation kilang. We hope you will like it, kalau ada kekurangan boleh inform kita untuk penambahbaikan. Jumpa anda di hari launching nanti 😊 created by Khairulaming with Khairulaming’s original sound - Khairulaming","https://www.tiktok.com/@khairulaming/video/7329492312386456833"
291,"7321654164851789063","RESEPI_RAMADAN","CRAVING_SENSORY","RAPID_FIRE",60,0,0,0,0,0,0.0,"Dah boleh restock sambal nyet untuk sahur. Makan dengan telur mata dan nasi putih pun dah sedap. Selamat berpuasa guys! 😆 #makanlokal #foodtok #foodfestontiktok #sambalnyet created by Khairulaming with Lux-Inspira’s Marhaban Ya Ramadan","https://www.tiktok.com/@khairulaming/video/7321654164851789063"
292,"7317870826571713794","RESEPI_RAMADAN","CRAVING_SENSORY","RAPID_FIRE",60,0,0,0,0,0,0.0,"Ini resipi hot chocolate pekat yang boleh cicah dengan croissant, termasuk dengan resipi matcha latte dan juga iced lemon tea longan. Semua menggunakan tumbler Montigo yang tengah ramai orang beli kat Malaysia 😁 #foodtok #makanlokal #foodfestontiktok  created by Khairulaming with Khairulaming’s original sound - Khairulaming","https://www.tiktok.com/@khairulaming/video/7317870826571713794"
293,"7317566300501380353","RESEPI_RAMADAN","CRAVING_SENSORY","RAPID_FIRE",60,0,0,0,0,0,0.0,"Berkenaan dengan isu Sambal Nyet ciplak semalam, kita telah pun mengenal pasti penjual tersebut dan peguam kita telah pun menghantar letter of demand for Infringement of Intellectual Property Rights and Passing Off. Ada lapan tuntutan yang kita telah senaraikan dan jika mereka gagal penuhi kesemua tuntutan tersebut kita akan bawa kes ini ke peringkat seterusnya. Sambal Nyet telah didaftarkan trademark di MyIPO dan telah diluluskan pada tarikh 2 Nov 2021. Saya selalu beri sokongan kepada peniaga kecil tapi berniagalah dengan cara yang beretika dan berhemah. Jangan aniaya orang ramai macam ni created by Khairulaming with Khairulaming’s original sound - Khairulaming","https://www.tiktok.com/@khairulaming/video/7317566300501380353"
294,"7315271447922969857","RESEPI_RAMADAN","CRAVING_SENSORY","RAPID_FIRE",60,0,0,0,0,0,0.0,"Finally boleh sebut “new year new me” 🥺🥺. Goodbye 2023 #Hello2024  created by Khairulaming with Paul Russell’s Lil Boo Thang","https://www.tiktok.com/@khairulaming/video/7315271447922969857"
295,"7314945870061948162","RESEPI_RAMADAN","CRAVING_SENSORY","RAPID_FIRE",60,0,0,0,0,0,0.0,"Tahun ni 20kg berat badan turun selepas mulakan misi nak sihat tahun 2023. Alhamdulillah misi tercapai tapi perjalanan masih jauh. Doakan saya istiqamah 🙏🏻🥺 #Hello2024  created by Khairulaming with Khairulaming’s original sound - Khairulaming","https://www.tiktok.com/@khairulaming/video/7314945870061948162"
296,"7313797479529598210","RESEPI_RAMADAN","CRAVING_SENSORY","RAPID_FIRE",60,0,0,0,0,0,0.0,"Resipi Tom Yum Goong yang rasa pekat, pedas & creamy. Boleh makan dengan nasi atau mee. Kecur air liurr  😭 #makanlokal #foodtok #foodfestontiktok    created by Khairulaming with Khairulaming’s original sound - Khairulaming","https://www.tiktok.com/@khairulaming/video/7313797479529598210"
297,"7313147161183620354","RESEPI_RAMADAN","CRAVING_SENSORY","RAPID_FIRE",60,0,0,0,0,0,0.0,"Selamat tinggal 2023. Tahniah untuk semua content creators yang bekerja keras tahun ni. Keep it up guys! #Hello2024 #YearOnTikTok2023 @CEO BATU @Aimon Okkotsu @Nynabukater @DJ FUZZ @DJ Mia @Nurnisa Omar @zakwanrahpal @WinniMiao @Zamriz  created by Khairulaming with INST’s Levitating - Instrumental","https://www.tiktok.com/@khairulaming/video/7313147161183620354"
298,"7312680503637773570","RESEPI_RAMADAN","CRAVING_SENSORY","RAPID_FIRE",60,0,0,0,0,0,0.0,"Menu pasta simple guna 4 bahan je. Sedap makan dengan Sambal Nyet. Boleh tekan bag kuning untuk restock 😁 #makanlokal #foodtok #foodfestontiktok #sambalnyet  created by Khairulaming with Khairulaming’s original sound - Khairulaming","https://www.tiktok.com/@khairulaming/video/7312680503637773570"
299,"7312014455758392577","BEHIND_THE_SCENES_BISNES","CRAVING_SENSORY","RAPID_FIRE",60,0,0,0,0,0,0.0,"Seringgit je harga cendol. Mee bandung & bihun sup dia pun sedap. Korang kena try  📍Nizam Cendol Goncang, Taman Melati KL (dah mintak izin owner untuk tolong viralkan 😊) #makanlokal #foodtok #foodfestontiktok  created by Khairulaming with Kevin MacLeod & Kevin The Monkey’s Monkeys Spinning Monkeys","https://www.tiktok.com/@khairulaming/video/7312014455758392577"
300,"7310235059942886658","RESEPI_RAMADAN","CRAVING_SENSORY","RAPID_FIRE",60,0,0,0,0,0,0.0,"12.12 campaign dah bermula guyssss! Korang boleh shopping sepuas hati. Nak voucher lebih untuk shopping 12.12 ni? Jangan risau korang join CHALLENGE & WIN A HOLIDAY & 12.12 Travel Beauty Bag! Nak tahu lebih lanjut boleh tengok di account TikTok @tiktokshop_my 🇲🇾 😎#TikTokShop1212DoubleSuperSale created by Khairulaming with Khairulaming’s original sound - Khairulaming","https://www.tiktok.com/@khairulaming/video/7310235059942886658"
301,"7309708998087822594","RESEPI_RAMADAN","CRAVING_SENSORY","RAPID_FIRE",60,0,0,0,0,0,0.0,"Resipi burger ala prosperity. Boleh cuba buat sendiri kat rumah, senang jeee and sedap 😋 #makanlokal #foodtok #foodfestontiktok  created by Khairulaming with Khairulaming’s original sound - Khairulaming","https://www.tiktok.com/@khairulaming/video/7309708998087822594"
302,"7308220625099836674","RESEPI_RAMADAN","CRAVING_SENSORY","RAPID_FIRE",60,0,0,0,0,0,0.0,"100 hari lagi Ramadan akan kembali. Diharapkan kita semua dipanjangkan umur untuk berjumpa lagi ramadan nanti. 30 Hari 30 Resipi akan kembali untuk tahun ke-7 😊  created by Khairulaming with Raihan’s Harapan Ramadan (with Man Bai)","https://www.tiktok.com/@khairulaming/video/7308220625099836674"
303,"7304978056005897473","RESEPI_RAMADAN","CRAVING_SENSORY","RAPID_FIRE",60,0,0,0,0,0,0.0,"Jalan-jalan ke Golok, Thailand 🇹🇭 Kalau datang Kelantan boleh bawak passport and singgah sini. Sedap sangat makan nasi komok 😭😭  Nama kedai : Nasi Khaomok Jeeraphan 2 #foodtok  created by Khairulaming with Khairulaming’s original sound - Khairulaming","https://www.tiktok.com/@khairulaming/video/7304978056005897473"
304,"7303844087608741122","RESEPI_RAMADAN","CRAVING_SENSORY","RAPID_FIRE",60,0,0,0,0,0,0.0,"Makan panas-panas ni memang boleh kecur air liur 😭😭 Boleh tengok bag kuning untuk dapatkan Sambal Nyet okeh! #makanlokal #foodtok #sambalnyet  created by Khairulaming with Khairulaming’s original sound - Khairulaming","https://www.tiktok.com/@khairulaming/video/7303844087608741122"
305,"7301928107911515393","RESEPI_RAMADAN","CRAVING_SENSORY","RAPID_FIRE",60,0,0,0,0,0,0.0,"Jom buat Fish & Chips dan juga Creamy Cajun Pasta. Sedapp wehh rasa macam makan kat kedai 🥹 Korang jangan lupa dapatkan periuk dan juga kuali Cosmic Cookware okeh. Masak sedap-sedap 😋😋 #makanlokal #foodtok  created by Khairulaming with Khairulaming’s original sound - Khairulaming","https://www.tiktok.com/@khairulaming/video/7301928107911515393"
306,"7299689814213889282","RESEPI_RAMADAN","CRAVING_SENSORY","RAPID_FIRE",60,0,0,0,0,0,0.0,"Jangan lupa tengok live 8pm malam ni! Boleh shopping sebanyak yang boleh sebab malam ni paling banyak voucher, discount dan subsidi korang akan dapat untuk 11.11. Btw nanti search je “KA1111Voucher” kat tiktok ni and korang akan dapat discount besar 🔥🔥 created by Khairulaming with Khairulaming’s original sound - Khairulaming","https://www.tiktok.com/@khairulaming/video/7299689814213889282"
307,"7297238718870490370","RESEPI_VIRAL_HARIAN","CRAVING_SENSORY","RAPID_FIRE",60,0,0,0,0,0,0.0,"Video ni dah lalu ke FYP korang? 🤣🤣 First time masuk iklan macam ni 🥹 Btw 11.11 campaign dah start guysss. Dari 3-11 Nov, korang boleh dapat baucar Penghantaran Percuma harian, Tawaran Mega harian dan peluang untuk menang  percutian ke Perth! #TikTokShop1111DoubleMegaDeal  created by Khairulaming with Khairulaming’s original sound - Khairulaming","https://www.tiktok.com/@khairulaming/video/7297238718870490370"
308,"7292654076804762882","RESEPI_RAMADAN","CRAVING_SENSORY","RAPID_FIRE",60,0,0,0,0,0,0.0,"Ya Allah permudahkanlah perjuangan saudara kita 🤲🥺 created by Khairulaming with Fadhilah Intan’s Dawai (From ""Air Mata Di Ujung Sajadah"")","https://www.tiktok.com/@khairulaming/video/7292654076804762882"
309,"7291160893331639554","RESEPI_RAMADAN","CRAVING_SENSORY","RAPID_FIRE",60,0,0,0,0,0,0.0,"Makan Sambal Nyet dengan ayam goreng kunyit, telur mata, nasi putih dan kicap #makanlokal #foodtok #sambalnyet  created by Khairulaming with Khairulaming’s original sound - Khairulaming","https://www.tiktok.com/@khairulaming/video/7291160893331639554"
310,"7290084794732514561","RESEPI_RAMADAN","CRAVING_SENSORY","RAPID_FIRE",60,0,0,0,0,0,0.0,"Hari ni kita salurkan Rm 100k daripada Sambal Nyet ke tabung Cinta G AZ A Malaysia (CGM) untuk membantu saudara kita di sana. Sumbangan ini datang daripada sokongan anda semua selama ni. Dalam masa yang sama I want to help CGM untuk penuhkan kutipan derma 10 juta ringgit yang diperlukan untuk bantuan bahan api, ubat-ubatan, makanan, peralatan search & rescue dan lain-lain lagi. Buat masa sekarang dah 6 juta ringgit terkumpul. Tak lama lagi bumi G AZ A akan masuk musim sejuk. Jadi jom kita ajak ramai2 untuk penuhkan tabung ni and you guys boleh cari cara untuk menderma di semua profile social media saya. Kalau anda tak dapat menderma, jangan sesekali risau. yang penting kita bantu dengan doa, ambil tahu dan sebarkan awareness sebanyak yang mungkin. Semoga perjuangan saudara kita di sana dipermudahkan amin.  created by Khairulaming with Khairulaming’s original sound - Khairulaming","https://www.tiktok.com/@khairulaming/video/7290084794732514561"
311,"7285334127065255169","BEHIND_THE_SCENES_BISNES","CRAVING_SENSORY","RAPID_FIRE",60,0,0,0,0,0,0.0,"Iphone 15 Pro dah sampai and dah 3 hari keluar rumah shoot and edit untuk siapkan video ni 🥹 Sample footage from iPhone 15 Pro ada kat dalam ni. Ni first time aku buat video untuk tech. Harap-harap tak salah info haha. Enjoy the videooo!   created by Khairulaming with Khairulaming’s original sound - Khairulaming","https://www.tiktok.com/@khairulaming/video/7285334127065255169"
312,"7278534737591930113","RESEPI_VIRAL_HARIAN","CRAVING_SENSORY","RAPID_FIRE",60,0,0,0,0,0,0.0,"Ayam Goreng Bawang Putih viral campur dengan Telur Itik Masak Lemak Cili Api. Sedap weh masak untuk lunch dengan dinner 🥹 #makanlokal #foodfestontiktok #foodtok  created by Khairulaming with Khairulaming’s original sound - Khairulaming","https://www.tiktok.com/@khairulaming/video/7278534737591930113"
313,"7277871416240868609","RESEPI_RAMADAN","CRAVING_SENSORY","RAPID_FIRE",60,0,0,0,0,0,0.0,"Cekodok pisang di petang hari. Dapnyeee 🥹 #makanlokal #foodfestontiktok #foodtok  created by Khairulaming with moshimo sound design’s Chopin Nocturne No. 2 Piano Mono","https://www.tiktok.com/@khairulaming/video/7277871416240868609"
314,"7275615462279400706","RESEPI_RAMADAN","CRAVING_SENSORY","RAPID_FIRE",60,0,0,0,0,0,0.0,"Jualan Sambal Nyet dah mencecah 2.4 juta botol iaitu bersamaan dgn jualan sebanyak Rm 33.5 juta ringgit. Sekarang production dah dinaikkan ke 7,000 botol sehari dan jualan juga dikembangkan ke live commerce. Terima kasih kepada anda semua yang support kita dari 3 tahun yang lepas 🥺🙏🏻 #makanlokal #foodfestontiktok #TikTokShop99ShoppingFiesta  created by Khairulaming with Ramol’s Dream Away","https://www.tiktok.com/@khairulaming/video/7275615462279400706"
315,"7282593098587311361","RESEPI_RAMADAN","CRAVING_SENSORY","RAPID_FIRE",0,2800000,206200,2669,1638,5167,8.08,"Hari ni genap 31 tahun berada di muka bumi ni. Selamat hari jadi diucapkan kepada diri sendiri 🥹 thank you guys for everything 🙏🏻","https://www.tiktok.com/@khairulaming/video/7282593098587311361"
316,"7272596511303765250","RESEPI_RAMADAN","CRAVING_SENSORY","RAPID_FIRE",60,0,0,0,0,0,0.0,"Ini resepi mudah untuk buat Cheezy Korean Chicken. Seriously sedap korang kena try 😁: 1 paket Tyson Chicken Karaage 2 sudu gochujang 1 sudu gula perang 1/2 sudu kicap manis 2 sudu madu 1/2 sudu cuka 1/2 cawan air 1 blok keju mozzarella  2-3 sudu susu segar Jangan lupa dapatkan Tyson Chicken Karaage di kedai berdekatan dengan korang. Rasa dia sangat sedap, ayam crispy dan juicy. Nak buat makan sebagai snek pun boleh jugakk 😁 #makanlokal #foodfestontiktok #foodtok   created by Khairulaming with Khairulaming’s original sound - Khairulaming","https://www.tiktok.com/@khairulaming/video/7272596511303765250"
317,"7272104650520775938","RESEPI_RAMADAN","CRAVING_SENSORY","RAPID_FIRE",60,0,0,0,0,0,0.0,"Terima kasih di atas sokongan anda semua. Ini award pertama saya dapat selepas 8 tahun membuat digital content. Award ni untuk korang semua 🥺❤️ #TikTokAwardsMY #ForYouMalaysia  created by Khairulaming with Khairulaming’s original sound - Khairulaming","https://www.tiktok.com/@khairulaming/video/7272104650520775938"
318,"7269374814719118594","BEHIND_THE_SCENES_BISNES","CRAVING_SENSORY","RAPID_FIRE",60,0,0,0,0,0,0.0,"Wakil rakyat Parti Nyet. Jangan lupa undi KA untuk Creator of The Year 🙏🏻🥹 #RoadToTikTokAwardsMY #TikTokAwardsMY #ForYouMalaysia  created by Khairulaming with Dayang Nurfaizah’s Nak Dara Rindu","https://www.tiktok.com/@khairulaming/video/7269374814719118594"
319,"7268587095785016577","RESEPI_RAMADAN","CRAVING_SENSORY","RAPID_FIRE",60,0,0,0,0,0,0.0,"Semalam jumpa 5 kawan baru. Comel comel semuanya. Dapat la masak sikit bagi diaorang makan 🐶 Gonna miss you Along, Ashu, Shasha dan lain-lain.  created by Khairulaming with Khairulaming’s original sound - Khairulaming","https://www.tiktok.com/@khairulaming/video/7268587095785016577"
320,"7264135041972768008","RESEPI_RAMADAN","CRAVING_SENSORY","RAPID_FIRE",60,0,0,0,0,0,0.0,"Sedikit sebanyak kisah saya menjadi seorang content creator 🙏🏻 Terima kasih di atas sokongan anda semua.  #RoadToTikTokAwardsMY #TikTokAwardsMY #ForYouMalaysia  created by Khairulaming with Khairulaming’s original sound - Khairulaming","https://www.tiktok.com/@khairulaming/video/7264135041972768008"
321,"7260349234627497223","RESEPI_RAMADAN","CRAVING_SENSORY","RAPID_FIRE",60,0,0,0,0,0,0.0,"Nasi goreng kampung extra pedas, extra belacan dan extra kick. Berair mata makan ni tapi sedap 😭 #makanlokal #foodfestontiktok #FoodTok  created by Khairulaming with Khairulaming’s original sound - Khairulaming","https://www.tiktok.com/@khairulaming/video/7260349234627497223"
322,"7259230515163712770","RESEPI_RAMADAN","CRAVING_SENSORY","RAPID_FIRE",60,0,0,0,0,0,0.0,"Ayam Kewpie campur Sambal Nyet. Combination yang sangat sedap dan kick. Korang boleh try, simple je guna air fryer 😁 #makanlokal #sambalnyet  created by Khairulaming with Khairulaming’s original sound - Khairulaming","https://www.tiktok.com/@khairulaming/video/7259230515163712770"
323,"7257753512434601217","RESEPI_RAMADAN","CRAVING_SENSORY","RAPID_FIRE",60,0,0,0,0,0,0.0,"Dari pagi sampai malam tak berhenti makan dekat Hat Yai ni. Sedap and murah makanan kat sana 😭😭 Siapa sini dah pernah pergi? cuba share tempat favourite korang #CutiCutiTikTok #makanlokal #foodfestontiktok  created by Khairulaming with Khairulaming’s original sound - Khairulaming","https://www.tiktok.com/@khairulaming/video/7257753512434601217"
324,"7249593426067442945","RESEPI_RAMADAN","CRAVING_SENSORY","RAPID_FIRE",60,0,0,0,0,0,0.0,"Jom buat Sup Tulang untuk raya haji ni. Pedas, pekat, masam memang kicak rasa dia! 🥹 #foodfestontiktok #makanlokal  created by Khairulaming with Khairulaming’s original sound - Khairulaming","https://www.tiktok.com/@khairulaming/video/7249593426067442945"
325,"7246617649092824321","RESEPI_RAMADAN","CRAVING_SENSORY","RAPID_FIRE",60,0,0,0,0,0,0.0,"Maggi Goreng Pedas campur dengan Sambal Nyet. Memang berapi! Jangan lupa dapatkan Sambal Nyet dekat bag kuning okeh 😁 #foodfestontiktok #makanlokal #sambalnyet  created by Khairulaming with Khairulaming’s original sound - Khairulaming","https://www.tiktok.com/@khairulaming/video/7246617649092824321"
326,"7235606697669086466","RESEPI_RAMADAN","CRAVING_SENSORY","RAPID_FIRE",60,0,0,0,0,0,0.0,"Kita tutup kilang Sambal Nyet selama 5 hari untuk bawa kesemua 60 staff bercuti di Langkawi. Kita sediakan hotel 5 bintang, jetski, explore cave, snorkelling, private yacht untuk tgk sunset & duit belanja untuk diaorang shopping. Alhamdulillah semua staff happy ✨🥹 created by Khairulaming with Khairulaming’s original sound - Khairulaming","https://www.tiktok.com/@khairulaming/video/7235606697669086466"
327,"7234314351929216257","RESEPI_RAMADAN","CRAVING_SENSORY","RAPID_FIRE",60,0,0,0,0,0,0.0,"#duet with @Gordon Ramsay #Duet haaaaa Gordon Ramsay noticed my video. Thank you! 🥹 created by Khairulaming with Khairulaming’s original sound - Khairulaming","https://www.tiktok.com/@khairulaming/video/7234314351929216257"
328,"7229673729918307589","BEHIND_THE_SCENES_BISNES","CRAVING_SENSORY","RAPID_FIRE",60,0,0,0,0,0,0.0,"Burnt Sugar Steamed Pudding. This recipe is taken from Uncharted cook book by Gordon Ramsay @Gordon Ramsay . The pudding tastes really gooood 🥹 Please give it a try! #uncharteredcookbook #FoodTok #MakanLokal  created by Khairulaming with Khairulaming’s original sound - Khairulaming","https://www.tiktok.com/@khairulaming/video/7229673729918307589"
329,"7224625098592898309","RESEPI_RAMADAN","CRAVING_SENSORY","RAPID_FIRE",60,0,0,0,0,0,0.0,"Siapa sini nak datang beraya rumah minmin? 🤣 #InspirasiRaya  created by Khairulaming with MAZRO AKHIRO’s Suasana Hari Raya (COVER)","https://www.tiktok.com/@khairulaming/video/7224625098592898309"
330,"7224392737813040390","RESEPI_RAMADAN","CRAVING_SENSORY","RAPID_FIRE",60,0,0,0,0,0,0.0,"Video Terakhir 30 Hari 30 Resepi. Terima kasih kepada semua yang sudi menonton. Tahun ni antara tahun yang paling meriah sepanjang 6 tahun kita buat content puasa ni. Kami undur diri dahulu, ada rezeki kita jumpa lagi tahun hadapan. Selamat hari raya guys, maaf zahir dan batin!🥺 #inspirasiramadan #bukapuasa  created by Khairulaming with Khairulaming’s original sound - Khairulaming","https://www.tiktok.com/@khairulaming/video/7224392737813040390"
331,"7223979433693105414","RESEPI_RAMADAN","CRAVING_SENSORY","RAPID_FIRE",60,0,0,0,0,0,0.0,"Puasa ke-29 : Popia Simpul & Popia Seaweed. Ni kuih raya last minute yang boleh buat malam raya sebab pakai 2-3 bahan je. Btw ni maybe video masak yang terkahir untuk puasa kali ni. Video penutup akan keluar bergantung kpd announcement malam ni 😆 created by Khairulaming with Khairulaming’s original sound - Khairulaming","https://www.tiktok.com/@khairulaming/video/7223979433693105414"
332,"7223637038665436422","RESEPI_RAMADAN","CRAVING_SENSORY","RAPID_FIRE",60,0,0,0,0,0,0.0,"Puasa ke-28 : Pulut Kuning. Ini portion untuk makan satu family. Korang boleh makan dengan rendang yang kita buat semalam. Texture dia lembut, berkilat, sedappp sangat 🥹 Untuk menu hari ni aku nak ajak @azfarheri @isaac osman @fazleyjalal untuk cuba masak kat rumah. Kalau korang ada video masak jangan lupa guna hashtag #inspirasiramadan #bukapuasa okeh! 😁 created by Khairulaming with Khairulaming’s original sound - Khairulaming","https://www.tiktok.com/@khairulaming/video/7223637038665436422"
333,"7223249820029390086","RESEPI_RAMADAN","CRAVING_SENSORY","RAPID_FIRE",60,0,0,0,0,0,0.0,"Puasa ke-27 : Rendang 1 Ekor Ayam. Korang boleh guna resepi ni untuk masak malam raya nanti. Masak lama sikit baru cantik rendang tu pecah minyak. Untuk resepi ni aku nak ajak @Hazwan Ramli  @Iman Rashid @Mas Rio - CEO of Bro  untuk cuba masak kat rumah raya nanti. Kalau korang ada buat video masak jangan lupa guna hashtag #inspirasiramadan #bukapuasa okeh! Selamat Hari Rayaa 😁 created by Khairulaming with Khairulaming’s original sound - Khairulaming","https://www.tiktok.com/@khairulaming/video/7223249820029390086"
334,"7222875949107367194","RESEPI_RAMADAN","CRAVING_SENSORY","RAPID_FIRE",60,0,0,0,0,0,0.0,"Puasa ke-26 : Kek Coklat Kukus. Kek yang moist dicampur dengan chocolate sauce yang meleleh dalam mulut. Boleh buat berbekas-bekas untuk raya nanti. Untuk resepi hari ni aku nak ajak @Hazwan Ramli @Annama1ia @azfarheri untuk cuba buat kat rumah. Korang jangan lupa buat video masak and guna hashtag #inspirasiramadan #bukapuasa okeh! 😁 created by Khairulaming with Khairulaming’s original sound - Khairulaming","https://www.tiktok.com/@khairulaming/video/7222875949107367194"
335,"7222532443633503515","RESEPI_RAMADAN","CRAVING_SENSORY","RAPID_FIRE",60,0,0,0,0,0,0.0,"Puasa ke-25 : Nasi Tomato & Acar. Nasi ni boleh makan dengan daging dendeng yang kita buat semalam. Untuk menu hari ni aku nak ajak @Firdaus Yasin @Haffiz @azfarheri untuk cuba buat kat rumah. Jangan lupa guna hashtag #inspirasiramadan #bukapuasa okeh! 😁 created by Khairulaming with Khairulaming’s original sound - Khairulaming","https://www.tiktok.com/@khairulaming/video/7222532443633503515"
336,"7222151240476593435","RESEPI_RAMADAN","CRAVING_SENSORY","RAPID_FIRE",60,0,0,0,0,0,0.0,"Puasa ke-24 : Daging Dendeng. Ini salah satu resepi yang paling ramai orang mintak. Tolong la buat raya nanti sebab rasa dia sedap sangat 😭😭 Untuk menu hari ni aku nak ajak @Firdaus Yasin @Nasi Ayam Mak Chili @fathihussein untuk cuba buat kat rumah. Kalau korang ada buat video masak jangan lupa guna hashtag #inspirasiramadan #bukapuasa okeh 😁 created by Khairulaming with Khairulaming’s original sound - Khairulaming","https://www.tiktok.com/@khairulaming/video/7222151240476593435"
337,"7221406389170752794","RESEPI_RAMADAN","CRAVING_SENSORY","RAPID_FIRE",60,0,0,0,0,0,0.0,"Puasa ke-22 : Cornflakes Madu Biscoff. Kita buat simple twist tapi lagi sedap and elevated rasa cornflakes madu tu. Senang and perfect untuk buat raya nanti 😋 Untuk menu ni aku nak ajak @azfarheri @Firdaus Yasin @Haffiz untuk cuba buat kat rumah. Korang jangan lupa buat video masak and guna hashtag #inspirasiramadan and #bukapuasa okeh 😁 created by Khairulaming with Khairulaming’s original sound - Khairulaming","https://www.tiktok.com/@khairulaming/video/7221406389170752794"
338,"7221025167194000666","RESEPI_RAMADAN","CRAVING_SENSORY","RAPID_FIRE",60,0,0,0,0,0,0.0,"Puasa ke-21 : Lontong Kuah Lodeh. Haaa hari ni kita start buat menu raya pulak. Minggu depan nak raya dah! senang je nak buat kuah lodeh ni hehe. Nak raya ni jangan lupa dapatkan Cosmic Cookware edisi Green Bean collection ni. Cantik sangatttt warna hijau dia. Nak buat balik kampung utk mak pun boleh, nak buat utk hadiah kahwin musim raya nanti pun boleh jugak. Untuk menu hari ni aku nak ajak @isaac osman @Firdaus Yasin @fazleyjalal  untuk cuba menu ni. Korang jangan lupa buat video masak and guna hashtag #inspirasiramadan  dan #bukapuasa  okeh 😁 created by Khairulaming with Khairulaming’s original sound - Khairulaming","https://www.tiktok.com/@khairulaming/video/7221025167194000666"
339,"7220662399517560091","RESEPI_RAMADAN","CRAVING_SENSORY","RAPID_FIRE",60,0,0,0,0,0,0.0,"Puasa ke-20 : Chicken Alfredo Pasta. Sangat creamy dan sedap 😁 Btw hari ni genap 2/3 ramadan berlalu, tinggal 1/3 sahaja lagi 🥺 Untuk menu hari ni aku nak ajak @isaac osman @Firdaus Yasin @fathihussein untuk cuba kat rumah. Kalau korang buat video masak jangan lupa guna hashtag #InspirasiRamadan #BukaPuasa okeh 😁😁 created by Khairulaming with Khairulaming’s original sound - Khairulaming","https://www.tiktok.com/@khairulaming/video/7220662399517560091"
340,"7220288231689030917","RESEPI_RAMADAN","CRAVING_SENSORY","RAPID_FIRE",60,0,0,0,0,0,0.0,"Puasa ke-19 : Salted Egg Chicken. Ni version yang tak berkuah tapi lagi strong and kick rasa dia. Sedap sangat  😭 Untuk menu hari ni aku nak ajak @Haffiz @fathihussein @fazleyjalal untuk cuba. Kalau korang buat video masak jangan lupa guna hashtag #InspirasiRamadan #BukaPuasa okehh 😁😁 created by Khairulaming with Khairulaming’s original sound - Khairulaming","https://www.tiktok.com/@khairulaming/video/7220288231689030917"
341,"7219928954281528581","RESEPI_RAMADAN","CRAVING_SENSORY","RAPID_FIRE",60,0,0,0,0,0,0.0,"Puasa ke-18 : Nasi Goreng Belacan ala Thai. Bau belacan semerbak campur dengan pedas cili padi, pergh memang kick rasa dia 🥵 Untuk menu ni aku nak ajak @isaac osman @Firdaus Yasin @fazleyjalal untuk cuba kat rumah. Kalau korang ada video masak jangan lupa guna hashtag #InspirasiRamadan #BukaPuasa okehh 😁 created by Khairulaming with Khairulaming’s original sound - Khairulaming","https://www.tiktok.com/@khairulaming/video/7219928954281528581"
342,"7219557113746558214","RESEPI_RAMADAN","CRAVING_SENSORY","RAPID_FIRE",60,0,0,0,0,0,0.0,"Puasa ke-17 : Pisang Custard Butterscotch. Dessert ni sedap makan sejuk-sejuk. Nak buat untuk open house raya pun boleh jugak. Rasa creamy, sweet and salty semua balance 🥹 Untuk menu hari ni aku nak ajak @fazleyjalal @Firdaus Yasin @isaac osman untuk cuba kat rumah. Kalau korang buat video masak jangan lupa guna hashtag #InspirasiRamadan #BukaPuasa okeh 😁 created by Khairulaming with Khairulaming’s original sound - Khairulaming","https://www.tiktok.com/@khairulaming/video/7219557113746558214"
343,"7219299286205451525","RESEPI_RAMADAN","CRAVING_SENSORY","RAPID_FIRE",60,0,0,0,0,0,0.0,"Semalam kita tutup kedua-dua kilang sambal untuk meraikan staff. Kita bawa semua pergi shopping baju raya, berbuka puasa kat hotel dan bagi bonus untuk raya. InshaAllah lepas raya nanti kita pergi bercuti pulak hehe #InspirasiRamadan #BukaPuasa  created by Khairulaming with Khairulaming’s original sound - Khairulaming","https://www.tiktok.com/@khairulaming/video/7219299286205451525"
344,"7219148765758786821","RESEPI_RAMADAN","CRAVING_SENSORY","RAPID_FIRE",60,0,0,0,0,0,0.0,"Puasa ke-16 : Tom Kha Gai. Rasa dia strong macam tomyam, tapi lagi creamy dan sedap 🥰 Untuk resepi ni aku nak ajak @azfarheri @Annama1ia @fazleyjalal  cuba kat rumah. Kalau korang buat video masak jangan lupa guna hashtag #InspirasiRamadan #BukaPuasa okeh 😁😁 created by Khairulaming with Khairulaming’s original sound - Khairulaming","https://www.tiktok.com/@khairulaming/video/7219148765758786821"
345,"7218789121056099590","RESEPI_RAMADAN","CRAVING_SENSORY","RAPID_FIRE",60,0,0,0,0,0,0.0,"Puasa ke-15: Roti Puri Cicah Sardin Tumis. Senang sangat nak buat roti puri kat rumah, boleh cicah macam-macam 😁 Untuk resepi hari ni aku nak ajak @Hazwan Ramli @fathihussein @kemey untuk cuba resepi ni. Kalau korang ada buat video masak jangan lupa guna hashtag #InspirasiRamadan #BukaPuasa okehh 😁😁 created by Khairulaming with Khairulaming’s original sound - Khairulaming","https://www.tiktok.com/@khairulaming/video/7218789121056099590"
346,"7218426172185562373","RESEPI_RAMADAN","CRAVING_SENSORY","RAPID_FIRE",60,0,0,0,0,0,0.0,"Puasa ke-14 : Chocolate ala ROYCE. Senang sangat nak buat sebab pakai 4 bahan je 😭 Tolong la buat sebab sedap sangat. Untuk resepi hari ni aku nak ajak @azfarheri @kemey @fathihussein untuk cuba resepi ni. Kalau korang ada buat video masak jangan lupa guna hashtag #InspirasiRamadan #BukaPuasa okehh 😁😁 created by Khairulaming with Khairulaming’s original sound - Khairulaming","https://www.tiktok.com/@khairulaming/video/7218426172185562373"
347,"7218054083532360966","RESEPI_RAMADAN","CRAVING_SENSORY","RAPID_FIRE",60,0,0,0,0,0,0.0,"Puasa ke-13 : Ayam Masak Bali. Rasa dia mcm dia kahwinkan ayam masak merah dengan ayam masak kicap. Sedap sangat 😭 Untuk resepi ni aku nak ajak @Annama1ia @Hazwan Ramli @Nxa.co untuk cuba. Korang jangan lupa buat video masak and guna hashtag #InspirasiRamadan #BukaPuasa okeh 😁 created by Khairulaming with Khairulaming’s original sound - Khairulaming","https://www.tiktok.com/@khairulaming/video/7218054083532360966"
348,"7217696442796756251","RESEPI_RAMADAN","CRAVING_SENSORY","RAPID_FIRE",60,0,0,0,0,0,0.0,"Puasa ke-12 : Ketam Masak Lemak Cili Api. Rasa dia memang perghh sedappp! Untuk resepi hari ni aku nak ajak @kemey @fathihussein @azfarheri untuk cuba resepi ni. Kalau korang buat video masak jangan lupa hashtag #InspirasiRamadan #BukaPuasa okeh 🥰 created by Khairulaming with Khairulaming’s original sound - Khairulaming","https://www.tiktok.com/@khairulaming/video/7217696442796756251"
349,"7217474314906471707","RESEPI_RAMADAN","CRAVING_SENSORY","RAPID_FIRE",60,0,0,0,0,0,0.0,"Terima kasih kepada semua yang bagi feedback. Just nak share sedikit sebanyak pendapat mengenai isu ini dari saya seorang Malaysian yang obese dan juga seorang food content creator 🙏🏻 created by Khairulaming with Khairulaming’s original sound - Khairulaming","https://www.tiktok.com/@khairulaming/video/7217474314906471707"
350,"7217319093223951643","RESEPI_RAMADAN","CRAVING_SENSORY","RAPID_FIRE",60,0,0,0,0,0,0.0,"Puasa ke-11 : Creamy Tomyam Pasta. Penuh dengan rasa kick, pedas, creamy semua ada. Nak buat pun senang 🥹 Untuk resepi hari ni aku nak ajak @isaac osman @azfarheri @Nasi Ayam Mak Chili untuk cuba menu ni. Kalau korang ada buat video masak jangan lupa guna hashtag #InspirasiRamadan #BukaPuasa okehh 😁 created by Khairulaming with Khairulaming’s original sound - Khairulaming","https://www.tiktok.com/@khairulaming/video/7217319093223951643"
351,"7217078564766715162","RESEPI_RAMADAN","CRAVING_SENSORY","RAPID_FIRE",60,0,0,0,0,0,0.0,"Just nak share cara aku buat voiceover untuk video masak yang korang tengok bulan puasa ni. Kena tarik nafas panjang2 sikit kalau nak bagi lagi smooth 😂 #InspirasiRamadan #BukaPuasa  created by Khairulaming with Khairulaming’s original sound - Khairulaming","https://www.tiktok.com/@khairulaming/video/7217078564766715162"
352,"7216947206153145626","RESEPI_RAMADAN","CRAVING_SENSORY","RAPID_FIRE",60,0,0,0,0,0,0.0,"Puasa ke-10: Sagu Mangga. Sedap makan sejuk-sejuk bila nak buka puasa nanti hehe 😁. Untuk resepi ni aku nak ajak @azfarheri @fathihussein @kemey untuk cuba buat kat rumah. Kalau korang ada buat video masak jangan lupa guna hashtag #InspirasiRamadan #BukaPuasa okehh 🥰 created by Khairulaming with Khairulaming’s original sound - Khairulaming","https://www.tiktok.com/@khairulaming/video/7216947206153145626"
353,"7216564183838575898","RESEPI_RAMADAN","CRAVING_SENSORY","RAPID_FIRE",60,0,0,0,0,0,0.0,"Puasa ke-9 : Sambal Hijau Bilis & Telur Dadar. Makan dengan nasi putih dan kicap pergh memang sedap 😁 Untuk menu hari ni aku nak ajak @isaac osman @fazleyjalal @kemey untuk cuba resepi ni. Kalau korang buat video masak jangan lupa guna hashtag #InspirasiRamadan #BukaPuasa okehh 😁 created by Khairulaming with Khairulaming’s original sound - Khairulaming","https://www.tiktok.com/@khairulaming/video/7216564183838575898"
354,"7216238680808181019","RESEPI_RAMADAN","CRAVING_SENSORY","RAPID_FIRE",60,0,0,0,0,0,0.0,"Menu sahur : Nasi Goreng Pattaya. Senang nak masak untuk sahur guna perencah nasi goreng. Untuk resepi kali ni aku nak ajak @fazleyjalal @azfarheri @isaac osman untuk cuba resepi ni. Kalau korang ada buat video masak jangan lupa guna hashtag #InspirasiRamadan #BukaPuasa okeh 😁 created by Khairulaming with Khairulaming’s original sound - Khairulaming","https://www.tiktok.com/@khairulaming/video/7216238680808181019"
355,"7216196065475759387","RESEPI_RAMADAN","CRAVING_SENSORY","RAPID_FIRE",60,0,0,0,0,0,0.0,"Puasa ke-8 : Ayam Phat Phet Thai & Sirap Lemon Selasih. Seriously sedap makan dengan nasi 😭 Untuk menu hari ni aku nak ajak @fathihussein @Haffiz @fazleyjalal untuk cuba resepi ni. Kalau korang buat video masak jangan lupa guna hashtag #InspirasiRamadan #BukaPuasa okeh 😁 created by Khairulaming with Khairulaming’s original sound - Khairulaming","https://www.tiktok.com/@khairulaming/video/7216196065475759387"
356,"7215867809480379653","RESEPI_RAMADAN","CRAVING_SENSORY","RAPID_FIRE",60,0,0,0,0,0,0.0,"Nak lagi air berbuka? Hari ni kita ada Nanas Laici Sparkling 😁 Sejuk and freshh jee lalu kat tekak. Untuk menu ni aku nak ajak @azfarheri @isaac osman @fazleyjalal untuk cuba buat kat rumah. Jangan lupa buat video masak and guna hashtag #InspirasiRamadan #BukaPuasa okeh 😁😁 created by Khairulaming with Khairulaming’s original sound - Khairulaming","https://www.tiktok.com/@khairulaming/video/7215867809480379653"
357,"7215828687957134597","RESEPI_RAMADAN","CRAVING_SENSORY","RAPID_FIRE",60,0,0,0,0,0,0.0,"Puasa Ke-7 : Colek Seafood Celup Tepung goreng-goreng. Memang syok makan satu family time moreh nanti 😁 Untuk menu hari ni aku nak ajak @azfarheri @Nasi Ayam Mak Chili @kemey untuk cuba masak kat rumah. Kalau korang ada buat video masak jangan lupa guna hashtag #InspirasiRamadan #BukaPuasa okeh 😁 created by Khairulaming with Khairulaming’s original sound - Khairulaming","https://www.tiktok.com/@khairulaming/video/7215828687957134597"
358,"7215452819233574150","RESEPI_RAMADAN","CRAVING_SENSORY","RAPID_FIRE",60,0,0,0,0,0,0.0,"Puasa Ke-6 : Ayam Goreng Mamak. Ratah mcm ni je pun dah sedap sangat 😁. Untuk menu hari ni aku nak ajak @isaac osman @kemey @fazleyjalal untuk cuba resepi ni. Kalau korang ada buat video masak, jangan lupa guna hashtag #InspirasiRamadan #BukaPuasa okeh 😁😁 created by Khairulaming with Khairulaming’s original sound - Khairulaming","https://www.tiktok.com/@khairulaming/video/7215452819233574150"
359,"7215125275263159578","RESEPI_RAMADAN","CRAVING_SENSORY","RAPID_FIRE",60,0,0,0,0,0,0.0,"Video kedua utk puasa ke-5 : Soya Ais Campur. Yang ni makan sejuk-sejuk memang sedapp buka puasa 🥹. Aku nak ajak @Nuar Yusli @azfarheri @fazleyjalal untuk cuba menu ni. Kalau korang ada buat video masak jangan lupa guna hashtag #InspirasiRamadan #BukaPuasa okehh 😁😁 created by Khairulaming with Khairulaming’s original sound - Khairulaming","https://www.tiktok.com/@khairulaming/video/7215125275263159578"
360,"7215080151456042267","RESEPI_RAMADAN","CRAVING_SENSORY","RAPID_FIRE",60,0,0,0,0,0,0.0,"Puasa Ke-5 : Daging Harimau Menangis rawrrr. Tapi yang ni kita buat simple version guna sos thai hijau. Untuk menu hari ni aku nak ajak @Nuar Yusli @isaac osman @teroqa buatkan untuk berbuka. Kalau korang plan nak buat video masak, jangan lupa guna hashtag #InspirasiRamadan #BukaPuasa okeh 😁 created by Khairulaming with Khairulaming’s original sound - Khairulaming","https://www.tiktok.com/@khairulaming/video/7215080151456042267"
361,"7214716446797024539","RESEPI_RAMADAN","CRAVING_SENSORY","RAPID_FIRE",60,0,0,0,0,0,0.0,"Puasa Day 4 - Agar-agar buah. Seriously sedap makan sejuk-sejuk 😭😭 Rasa buah fresh tu memang sedap buat dessert berbuka. Untuk resepi hari ni aku nak ajak @Nuar Yusli @azfarheri @kemey buatkan. Korang jangan lupa buat video masak and guna hashtag #InspirasiRamadan #BukaPuasa okeh 😁😁 created by Khairulaming with Khairulaming’s original sound - Khairulaming","https://www.tiktok.com/@khairulaming/video/7214716446797024539"
362,"7214339758053444891","RESEPI_RAMADAN","CRAVING_SENSORY","RAPID_FIRE",60,0,0,0,0,0,0.0,"Puasa Ke-3 : Cencaru Sumbat Sambal + Sayur Masak Lemak. Makan dengan nasi putih memang perghh terangkat. Hari ni aku nak ajak @isaac osman @Nuar Yusli @teroqa masak menu ni hehe. Korang blh buat video masak jgk and guna hashtag #InspirasiRamadan #BukaPuasa okeh 😁 created by Khairulaming with Khairulaming’s original sound - Khairulaming","https://www.tiktok.com/@khairulaming/video/7214339758053444891"
363,"7213959942104026395","RESEPI_RAMADAN","CRAVING_SENSORY","RAPID_FIRE",60,0,0,0,0,0,0.0,"Puasa Ke-2 : Ayam Gepuk. Rasa sebijik macam beli kat kedai 😭 Makan dengan sambal tu memang terangkat. Mohon @teroqa @azfarheri @kemey try buat untuk berbuka nanti okeh haha. Korang jangan lupa buat video masak untuk puasa ni and guna hashtag #InspirasiRamadan #BukaPuasa 😁 created by Khairulaming with Khairulaming’s original sound - Khairulaming","https://www.tiktok.com/@khairulaming/video/7213959942104026395"
